Country Name,Country Code,Series Name,Series Code,2012 [YR2012],2013 [YR2013],2014 [YR2014],2015 [YR2015],2016 [YR2016],2017 [YR2017],2018 [YR2018],2019 [YR2019],2020 [YR2020],2021 [YR2021]
Argentina,ARG,Access to electricity (% of population),EG.ELC.ACCS.ZS,99.22998046875,99.3426742553711,100,99.6253890991211,99.8495788574219,100,99.9895782470703,100,100,..
Argentina,ARG,Bank capital to assets ratio (%),FB.BNK.CAPA.ZS,7.2475325307913,10.1560460352012,10.8823948515977,10.476956442742,9.71492722514287,9.78134997656778,8.7133566232323,9.91211619020388,12.661238072044,..
Argentina,ARG,"Birth rate, crude (per 1,000 people)",SP.DYN.CBRT.IN,17.949,17.831,17.698,17.548,17.383,17.205,17.021,16.833,16.644,..
Argentina,ARG,"Central government debt, total (% of GDP)",GC.DOD.TOTL.GD.ZS,..,..,..,..,..,..,..,..,..,..
Argentina,ARG,CO2 emissions (kt),EN.ATM.CO2E.KT,177960.006713867,183250,179600.006103516,185550.003051758,183160.003662109,179320.007324219,176899.993896484,168100.006103516,..,..
Argentina,ARG,CO2 emissions (metric tons per capita),EN.ATM.CO2E.PC,4.26422378235981,4.34211506853729,4.20909563279429,4.30191387639872,4.20184577616112,4.07130836193664,3.97577197057929,3.74065029063396,..,..
Argentina,ARG,Coverage of social insurance programs (% of population),per_si_allsi.cov_pop_tot,28.9695600571713,30.5905578010903,31.44235611,..,34.6782292,35.36281278,33.90985047,34.30033785,..,..
Argentina,ARG,Coverage of unemployment benefits and ALMP (% of population),per_lm_alllm.cov_pop_tot,1.20644887942091,0.492673128625672,0.7299135247,..,0.5963609612,0.5772519508,0.6104182719,1.406541993,..,..
Argentina,ARG,CPIA quality of public administration rating (1=low to 6=high),IQ.CPA.PADM.XQ,..,..,..,..,..,..,..,..,..,..
Argentina,ARG,CPIA social protection rating (1=low to 6=high),IQ.CPA.PROT.XQ,..,..,..,..,..,..,..,..,..,..
Argentina,ARG,Current health expenditure (% of GDP),SH.XPD.CHEX.GD.ZS,9.82728195,9.78097343,9.67129135,10.22933865,9.00189686,10.44225502,9.66646481,9.5100708,..,..
Argentina,ARG,Current health expenditure per capita (current US$),SH.XPD.CHEX.PC.CD,1368.42297363,1421.65759277,1286.21765137,1531.48425293,1153.53405762,1529.67004395,1127.9284668,945.99194336,..,..
Argentina,ARG,Ease of doing business score (0 = lowest performance to 100 = best performance),IC.BUS.DFRN.XQ,..,..,..,56.73295,57.2443,57.31005,58.18388,58.96151,..,..
Argentina,ARG,Exports of goods and services (current US$),NE.EXP.GNFS.CD,88655850853.7721,80690471898.442,75818867911.0825,63671789068.8987,69842486095.8653,72860588696.2874,75766577038.619,80130495417.2456,64640230229.4327,89947580720.0073
Argentina,ARG,Fuel exports (% of merchandise exports),TX.VAL.FUEL.ZS.UN,6.22846935291873,4.68210789818476,4.67799000825185,2.5385946406222,2.4962680453126,2.78500093366595,4.11937445415808,3.59778796735553,2.67898842404181,2.64279316542856
Argentina,ARG,Fuel imports (% of merchandise imports),TM.VAL.FUEL.ZS.UN,12.8610259434896,16.1489742219465,16.5564884173216,10.9366808881128,8.40969351332395,8.1669181849067,9.59245223609491,8.5363177592406,6.05806075448223,9.20147449693219
Argentina,ARG,GDP (current US$),NY.GDP.MKTP.CD,545982375701.128,552025140252.246,526319673731.638,594749285413.212,557531376217.967,643628665302.155,524819742918.669,452818426182.658,389591035520.675,491492700657.012
Argentina,ARG,GDP growth (annual %),NY.GDP.MKTP.KD.ZG,-1.0264204544321,2.40532378079436,-2.51261532081394,2.73115982828944,-2.08032784377811,2.81850297775918,-2.61739646282038,-2.0259342366392,-9.89526896368687,10.2637609278887
Argentina,ARG,GDP per capita (current US$),NY.GDP.PCAP.CD,13082.664325572,13080.2547323367,12334.7982453893,13789.060424772,12790.2424732447,14613.041824658,11795.1593866287,10076.3552409481,8585.69474249794,10729.2325777217
Argentina,ARG,Gini index,SI.POV.GINI,41.3,40.9,41.6,..,42,41.1,41.3,42.9,42.3,..
Argentina,ARG,Imports of goods and services (current US$),NE.IMP.GNFS.CD,78013690406.706,81240190816.9153,73691675720.0984,70064879911.7042,75639125936.7673,89910533566.3871,85681285075.6362,65742457330.4339,52814226649.8628,74354518317.0563
Argentina,ARG,"Literacy rate, adult total (% of people ages 15 and above)",SE.ADT.LITR.ZS,99.1052322387695,99.1219482421875,98.9938888549805,99.1799621582031,99.1250076293945,..,99.0038681030273,..,..,..
Argentina,ARG,"Population, total",SP.POP.TOTL,41733271,42202935,42669500,43131966,43590368,44044811,44494502,44938712,45376763,45808747
Argentina,ARG,"Total reserves (includes gold, current US$)",FI.RES.TOTL.CD,43223270863.843,30533919650.6264,31410813269.5239,25520565580.4894,38414518491.6132,55314409205.2189,66221501691.4418,44880566052.3703,39403734630.1228,39653498610.7828
Australia,AUS,Access to electricity (% of population),EG.ELC.ACCS.ZS,100,100,100,100,100,100,100,100,100,..
Australia,AUS,Bank capital to assets ratio (%),FB.BNK.CAPA.ZS,4.75557889210946,4.67249759967552,4.69700335511658,5.31731759650771,5.44397257111967,5.91271906081673,5.91854176977054,6.19862631822147,6.37432250408069,6.16933763669525
Australia,AUS,"Birth rate, crude (per 1,000 people)",SP.DYN.CBRT.IN,13.7,13.3,13.2,12.9,12.9,12.6,12.6,12.1,11.5,..
Australia,AUS,"Central government debt, total (% of GDP)",GC.DOD.TOTL.GD.ZS,39.4662235865486,37.5799731069072,41.7426885439519,46.5094716816771,54.6835940893166,53.2661594235026,54.4764198191374,60.2598462256221,69.3649141335153,..
Australia,AUS,CO2 emissions (kt),EN.ATM.CO2E.KT,386970.001220703,380279.998779297,371630.004882813,377799.987792969,384989.990234375,389160.003662109,387070.007324219,386529.998779297,..,..
Australia,AUS,CO2 emissions (metric tons per capita),EN.ATM.CO2E.PC,17.0220422280855,16.4423157091219,15.8304215213482,15.863288004258,15.914657116179,15.818316324949,15.4935292521053,15.2382671504147,..,..
Australia,AUS,Coverage of social insurance programs (% of population),per_si_allsi.cov_pop_tot,..,..,..,..,..,..,..,..,..,..
Australia,AUS,Coverage of unemployment benefits and ALMP (% of population),per_lm_alllm.cov_pop_tot,..,..,..,..,..,..,..,..,..,..
Australia,AUS,CPIA quality of public administration rating (1=low to 6=high),IQ.CPA.PADM.XQ,..,..,..,..,..,..,..,..,..,..
Australia,AUS,CPIA social protection rating (1=low to 6=high),IQ.CPA.PROT.XQ,..,..,..,..,..,..,..,..,..,..
Australia,AUS,Current health expenditure (% of GDP),SH.XPD.CHEX.GD.ZS,8.67564774,8.76116371,9.03597069,9.32758904,9.24815178,9.26682281,9.1550045,9.91078568,..,..
Australia,AUS,Current health expenditure per capita (current US$),SH.XPD.CHEX.PC.CD,6025.34472656,5813.98535156,5607.91796875,4862.6015625,4993.68945313,5340.36474609,5364.54296875,5427.46240234,..,..
Australia,AUS,Ease of doing business score (0 = lowest performance to 100 = best performance),IC.BUS.DFRN.XQ,..,..,..,80.38389,80.22369,80.76007,80.70552,81.21506,..,..
Australia,AUS,Exports of goods and services (current US$),NE.EXP.GNFS.CD,332571664260.672,315050784856.879,309598824933.444,271042516016.308,232526568641.724,281635115770.42,312415316642.121,336431125733.085,318466282343.478,342195686245.242
Australia,AUS,Fuel exports (% of merchandise exports),TX.VAL.FUEL.ZS.UN,28.4455055361525,25.8653275837181,26.5990592811953,25.2908141411795,25.5970925023236,30.3161990720307,23.0697200710082,18.9273628342651,13.9148996078431,27.706071696529
Australia,AUS,Fuel imports (% of merchandise imports),TM.VAL.FUEL.ZS.UN,16.8651239583968,17.4216300792042,15.8290708398736,10.843191876506,9.28820929269105,10.3824539712317,13.312467350381,12.5887253452685,8.12864927789897,10.267777009363
Australia,AUS,GDP (current US$),NY.GDP.MKTP.CD,1546508558465.66,1576335282651.07,1467504819608.92,1350534154255.76,1206685107002.47,1326882872011.46,1428529571351.06,1391952510370.48,1327836171068.51,1542659899992.54
Australia,AUS,GDP growth (annual %),NY.GDP.MKTP.KD.ZG,3.91736246328504,2.60021188065653,2.56293152083389,2.17220475337416,2.74164306864724,2.29592694694063,2.87097248021668,2.11314942462376,-0.00383655856659004,1.47516288330458
Australia,AUS,GDP per capita (current US$),NY.GDP.PCAP.CD,68027.8417067378,68156.6279162085,62511.6905895284,56707.0220772116,49881.7637140466,53934.2501750463,57180.7794001614,54875.2859563351,51680.3165229438,59934.1294088895
Australia,AUS,Gini index,SI.POV.GINI,..,..,34.4,..,33.7,..,34.3,..,..,..
Australia,AUS,Imports of goods and services (current US$),NE.IMP.GNFS.CD,335171169313.26,335598645737.15,313693197466.263,291125717613.778,260015286067.841,274856324006.335,307312611425.471,301710055786.011,266306475398.847,275130233599.522
Australia,AUS,"Literacy rate, adult total (% of people ages 15 and above)",SE.ADT.LITR.ZS,..,..,..,..,..,..,..,..,..,..
Australia,AUS,"Population, total",SP.POP.TOTL,22733465,23128129,23475686,23815995,24190907,24601860,24982688,25365745,25693267,25739256
Australia,AUS,"Total reserves (includes gold, current US$)",FI.RES.TOTL.CD,49138172006.1935,52837027749.6145,53910325023.2378,45406035070.596,52480791522.7773,65653718118.1818,53909533420.3007,57994685703.4779,42544629264.9892,57877502314.3513
Brazil,BRA,Access to electricity (% of population),EG.ELC.ACCS.ZS,99.5194931030273,99.5751495361328,99.6502456665039,99.7108993530273,99.6999969482422,99.8000030517578,99.6999969482422,99.8000030517578,100,..
Brazil,BRA,Bank capital to assets ratio (%),FB.BNK.CAPA.ZS,10.1489827569519,10.1473836254435,9.76484063411286,8.82953233073611,9.09720915683506,9.41253763159171,9.42741145299835,9.32997279016473,9.71309443914773,..
Brazil,BRA,"Birth rate, crude (per 1,000 people)",SP.DYN.CBRT.IN,14.93,14.772,14.624,14.472,14.307,14.125,13.924,13.703,13.463,..
Brazil,BRA,"Central government debt, total (% of GDP)",GC.DOD.TOTL.GD.ZS,59.8494899958247,57.228409380258,58.4572711058609,67.5375540277116,73.4188038096758,83.6692026509366,86.6078841199146,92.5652531882782,100.586637345384,..
Brazil,BRA,CO2 emissions (kt),EN.ATM.CO2E.KT,454230.010986328,486839.996337891,511619.995117188,485339.996337891,447079.986572266,456489.990234375,433989.990234375,434299.987792969,..,..
Brazil,BRA,CO2 emissions (metric tons per capita),EN.ATM.CO2E.PC,2.2792723330614,2.42165696102668,2.52323213718715,2.37362850846258,2.16857469639112,2.19641817319378,2.07185467654344,2.05781083913756,..,..
Brazil,BRA,Coverage of social insurance programs (% of population),per_si_allsi.cov_pop_tot,28.3446475182455,..,..,30.5353119182891,29.63191264,30.29412086,30.86954781,30.50581513,..,..
Brazil,BRA,Coverage of unemployment benefits and ALMP (% of population),per_lm_alllm.cov_pop_tot,5.89741620135556,..,..,6.91355619920468,2.797367977,2.119173714,1.849361482,1.818938391,..,..
Brazil,BRA,CPIA quality of public administration rating (1=low to 6=high),IQ.CPA.PADM.XQ,..,..,..,..,..,..,..,..,..,..
Brazil,BRA,CPIA social protection rating (1=low to 6=high),IQ.CPA.PROT.XQ,..,..,..,..,..,..,..,..,..,..
Brazil,BRA,Current health expenditure (% of GDP),SH.XPD.CHEX.GD.ZS,7.73637724,7.97659969,8.39644623,8.90929508,9.16901207,9.47124863,9.46475124,9.5912714,..,..
Brazil,BRA,Current health expenditure per capita (current US$),SH.XPD.CHEX.PC.CD,957.00708008,981.15283203,1017.04711914,785.26483154,798.6270752,940.36975098,866.15539551,853.38793945,..,..
Brazil,BRA,Ease of doing business score (0 = lowest performance to 100 = best performance),IC.BUS.DFRN.XQ,..,..,..,55.61506,55.22357,55.6207,58.59449,59.08307,..,..
Brazil,BRA,Exports of goods and services (current US$),NE.EXP.GNFS.CD,292808453729.302,290364152883.135,270458135221.802,232488797702.392,223863316065.959,258330740880.453,280543238540.699,264562972897.015,243287640368.263,323361383967.42
Brazil,BRA,Fuel exports (% of merchandise exports),TX.VAL.FUEL.ZS.UN,11.0241509437928,7.66385116284542,9.34729459467066,7.36062490155865,6.45092898767891,8.70889192124879,12.7686622344956,13.7087051192779,11.8904796185398,13.6578322774084
Brazil,BRA,Fuel imports (% of merchandise imports),TM.VAL.FUEL.ZS.UN,18.4841634173046,19.4983762667242,20.0923304962319,15.559186512263,12.3477428888002,14.6954665171658,15.1068017474103,13.8569560474918,10.0774648671464,13.6008473721902
Brazil,BRA,GDP (current US$),NY.GDP.MKTP.CD,2465228293894.01,2472819362216.69,2456043766028.73,1802211999538.68,1795693265810.23,2063514688761.98,1916933708381.89,1873288158977.23,1448565936739.56,1608981220812.2
Brazil,BRA,GDP growth (annual %),NY.GDP.MKTP.KD.ZG,1.92117598509462,3.0048226702888,0.503955740273241,-3.54576339347278,-3.2759169063211,1.32286905390815,1.78366676137003,1.22077782271943,-3.87867633425788,4.61942162064217
Brazil,BRA,GDP per capita (current US$),NY.GDP.PCAP.CD,12370.2232548476,12300.3867121004,12112.8349554875,8813.98980647828,8710.06328995352,9928.67589653405,9151.38173161536,8876.05983587779,6814.87563196772,7518.83428432838
Brazil,BRA,Gini index,SI.POV.GINI,53.4,52.7,52,51.9,53.3,53.3,53.9,53.5,48.9,..
Brazil,BRA,Imports of goods and services (current US$),NE.IMP.GNFS.CD,326315725182.595,347275992592.171,335826235513.017,253272683237.134,216686360910.918,243510550202.986,272994437628.695,276634806869.753,233152245260.656,306975064439.509
Brazil,BRA,"Literacy rate, adult total (% of people ages 15 and above)",SE.ADT.LITR.ZS,91.3378524780273,91.4842376708984,91.7294311523438,92.0478973388672,92.8084411621094,93.0758209228516,93.2275009155273,..,..,..
Brazil,BRA,"Population, total",SP.POP.TOTL,199287292,201035904,202763744,204471759,206163056,207833825,209469320,211049519,212559409,213993441
Brazil,BRA,"Total reserves (includes gold, current US$)",FI.RES.TOTL.CD,373160977539.732,358816422466.118,363570226084.661,356464980327.488,364984039092.456,373955518686.487,374709673447.828,356886386911.979,355614251456.14,362210079181.317
Canada,CAN,Access to electricity (% of population),EG.ELC.ACCS.ZS,100,100,100,100,100,100,100,100,100,..
Canada,CAN,Bank capital to assets ratio (%),FB.BNK.CAPA.ZS,4.61982973068852,4.30271410755344,4.4783876783578,4.55248540735644,4.65117202502206,4.79472477595189,4.78625179421219,4.70198129157197,4.55592923577073,..
Canada,CAN,"Birth rate, crude (per 1,000 people)",SP.DYN.CBRT.IN,11,10.8,10.8,10.7,10.6,10.3,10.1,9.9,9.4,..
Canada,CAN,"Central government debt, total (% of GDP)",GC.DOD.TOTL.GD.ZS,54.9262398034156,51.8429501080037,50.3307188290924,54.6514794201489,52.8086681382135,50.2257968524381,48.1815311011633,48.0116333101717,72.0858234047682,..
Canada,CAN,CO2 emissions (kt),EN.ATM.CO2E.KT,546210.021972656,555659.973144531,561679.992675781,558700.012207031,556830.017089844,568080.017089844,580090.026855469,580210.021972656,..,..
Canada,CAN,CO2 emissions (metric tons per capita),EN.ATM.CO2E.PC,15.7344739563127,15.8384602717471,15.8499054086669,15.6485856056048,15.420601713058,15.5445710376544,15.6505790424074,15.4306128276297,..,..
Canada,CAN,Coverage of social insurance programs (% of population),per_si_allsi.cov_pop_tot,..,..,..,..,..,..,..,..,..,..
Canada,CAN,Coverage of unemployment benefits and ALMP (% of population),per_lm_alllm.cov_pop_tot,..,..,..,..,..,..,..,..,..,..
Canada,CAN,CPIA quality of public administration rating (1=low to 6=high),IQ.CPA.PADM.XQ,..,..,..,..,..,..,..,..,..,..
Canada,CAN,CPIA social protection rating (1=low to 6=high),IQ.CPA.PROT.XQ,..,..,..,..,..,..,..,..,..,..
Canada,CAN,Current health expenditure (% of GDP),SH.XPD.CHEX.GD.ZS,10.50637913,10.40513706,10.24852657,10.73320484,11.02296066,10.83538342,10.80637455,10.84447765,..,..
Canada,CAN,Current health expenditure per capita (current US$),SH.XPD.CHEX.PC.CD,5500.68408203,5443.625,5189.01464844,4637.21142578,4629.375,4865.07080078,5018.71142578,5048.37255859,..,..
Canada,CAN,Ease of doing business score (0 = lowest performance to 100 = best performance),IC.BUS.DFRN.XQ,..,..,..,79.75597,79.54094,79.30059,79.6798,79.64043,..,..
Canada,CAN,Exports of goods and services (current US$),NE.EXP.GNFS.CD,554964544782.69,560108797442.998,573083180253.852,495747450357.728,481357649980.237,518766780219.71,556939410843.12,555851439082.698,483153046942.475,610975446393.962
Canada,CAN,Fuel exports (% of merchandise exports),TX.VAL.FUEL.ZS.UN,25.624190392384,26.361569817347,28.8930710605179,20.6034302087075,17.6256219682134,21.9517954420132,24.0190349725915,24.0811488757867,19.3255524915925,25.8900069359521
Canada,CAN,Fuel imports (% of merchandise imports),TM.VAL.FUEL.ZS.UN,11.1815706592314,10.9461173725034,10.3660127444009,7.02123434786925,6.3097016907938,6.9872194226693,7.95390917269528,7.32638593446493,4.97164187859203,6.20861678916666
Canada,CAN,GDP (current US$),NY.GDP.MKTP.CD,1828366481521.6,1846597421834.98,1805749878439.94,1556508816217.14,1527994741907.43,1649265644244.09,1725329192783.02,1742015045482.31,1645423407568.36,1990761609665.23
Canada,CAN,GDP growth (annual %),NY.GDP.MKTP.KD.ZG,1.76222254945881,2.3291225062102,2.87003607545671,0.659176863558869,1.00139441390405,3.03988022528195,2.77704055379553,1.87959202770178,-5.23302430280606,4.56289386263273
Canada,CAN,GDP per capita (current US$),NY.GDP.PCAP.CD,52669.0899632316,52635.1749580433,50955.9983232404,43596.1355365546,42315.6037056806,45129.4292980922,46548.6384108296,46328.6718408497,43258.2638715601,52051.3514647093
Canada,CAN,Gini index,SI.POV.GINI,33.5,33.8,33.2,33.7,32.7,33.3,..,..,..,..
Canada,CAN,Imports of goods and services (current US$),NE.IMP.GNFS.CD,589511490951.583,589048627265.353,589434433378.268,534115083556.223,517396012626.09,554922650425.45,589502445711.151,583641749946.233,516976936600.6,607881841277.367
Canada,CAN,"Literacy rate, adult total (% of people ages 15 and above)",SE.ADT.LITR.ZS,..,..,..,..,..,..,..,..,..,..
Canada,CAN,"Population, total",SP.POP.TOTL,34714222,35082954,35437435,35702908,36109487,36545236,37065084,37601230,38037204,38246108
Canada,CAN,"Total reserves (includes gold, current US$)",FI.RES.TOTL.CD,68546343361.9693,71937085415.7952,74699962252.5789,79753521149.8993,82718110857.6299,86677706696.7064,83925602808.0082,85297110783.6887,90428136419.3486,106615119570.101
China,CHN,Access to electricity (% of population),EG.ELC.ACCS.ZS,99.9619293212891,99.9964447021484,100,100,100,100,100,100,100,..
China,CHN,Bank capital to assets ratio (%),FB.BNK.CAPA.ZS,..,..,6.86070750816753,7.06618760408165,6.87223521109835,7.08840806709445,7.37794222742463,7.57138184829879,7.54175994025084,..
China,CHN,"Birth rate, crude (per 1,000 people)",SP.DYN.CBRT.IN,14.57,13.03,13.83,11.99,13.57,12.64,10.86,10.41,8.52,..
China,CHN,"Central government debt, total (% of GDP)",GC.DOD.TOTL.GD.ZS,..,..,..,..,..,..,..,..,..,..
China,CHN,CO2 emissions (kt),EN.ATM.CO2E.KT,9541870.1171875,9984570.3125,10006669.921875,9861099.609375,9874660.15625,10096009.765625,10502929.6875,10707219.7265625,..,..
China,CHN,CO2 emissions (metric tons per capita),EN.ATM.CO2E.PC,7.04618267539082,7.32414711459464,7.29423550644745,7.14644935672822,7.11538500511605,7.23098503140634,7.48733189390915,7.60593696057347,..,..
China,CHN,Coverage of social insurance programs (% of population),per_si_allsi.cov_pop_tot,..,35.5795806625965,..,..,..,..,..,..,..,..
China,CHN,Coverage of unemployment benefits and ALMP (% of population),per_lm_alllm.cov_pop_tot,..,..,..,..,..,..,..,..,..,..
China,CHN,CPIA quality of public administration rating (1=low to 6=high),IQ.CPA.PADM.XQ,..,..,..,..,..,..,..,..,..,..
China,CHN,CPIA social protection rating (1=low to 6=high),IQ.CPA.PROT.XQ,..,..,..,..,..,..,..,..,..,..
China,CHN,Current health expenditure (% of GDP),SH.XPD.CHEX.GD.ZS,4.56584787,4.71490669,4.77790594,4.93827963,4.97955608,5.06592178,5.16790485,5.3502779,..,..
China,CHN,Current health expenditure per capita (current US$),SH.XPD.CHEX.PC.CD,281.67715454,326.04159546,359.30932617,390.10409546,395.35995483,437.25674438,501.05938721,535.13336182,..,..
China,CHN,Ease of doing business score (0 = lowest performance to 100 = best performance),IC.BUS.DFRN.XQ,..,..,..,62.27669,63.79116,64.20096,73.30366,77.28424,..,..
China,CHN,Exports of goods and services (current US$),NE.EXP.GNFS.CD,2175080625683.19,2354248580554.57,2462839435101.08,2362092880963.47,2199967569433.37,2424199911700.3,2655591916233.37,2628935396517.28,2723250430718.18,3548552962009.61
China,CHN,Fuel exports (% of merchandise exports),TX.VAL.FUEL.ZS.UN,1.51374985096957,1.5294698347956,1.47061074195033,1.2272664163092,1.28100094525523,1.5635573554021,1.86764407076313,1.87465304454538,1.2143685449396,1.23956113376074
China,CHN,Fuel imports (% of merchandise imports),TM.VAL.FUEL.ZS.UN,18.6846299600296,17.5824320123903,17.4581920006584,12.9271912758671,12.0917339150655,14.5851037046112,17.4688169187818,17.8562823008297,14.0746971565506,15.925086402076
China,CHN,GDP (current US$),NY.GDP.MKTP.CD,8532229986993.65,9570406235659.64,10475682920597.7,11061553079871.5,11233276536744.7,12310409370894.2,13894817549380.3,14279937500608,14687673892882,17734062645371.4
China,CHN,GDP growth (annual %),NY.GDP.MKTP.KD.ZG,7.86373644866194,7.766150097539,7.42576365645755,7.04132887865481,6.84876220503246,6.94720079327288,6.74977383247717,5.95050075376979,2.2397018568489,8.10979258077933
China,CHN,GDP per capita (current US$),NY.GDP.PCAP.CD,6300.61511825789,7020.33848453658,7636.11660125502,8016.43143498003,8094.36336675194,8816.98690451989,9905.34200389253,10143.8381955595,10408.6697561349,12556.3331200058
China,CHN,Gini index,SI.POV.GINI,42.2,39.7,39.2,38.6,38.5,39.1,38.5,38.2,..,..
China,CHN,Imports of goods and services (current US$),NE.IMP.GNFS.CD,1943215391727.26,2119378054520.8,2241288603086.24,2003257157591.33,1944484096049.36,2208504214342.78,2564105245752.72,2496147886080.71,2357105740841.64,3089622822933.79
China,CHN,"Literacy rate, adult total (% of people ages 15 and above)",SE.ADT.LITR.ZS,..,..,..,..,..,..,96.8408889770508,..,..,..
China,CHN,"Population, total",SP.POP.TOTL,1354190000,1363240000,1371860000,1379860000,1387790000,1396215000,1402760000,1407745000,1411100000,1412360000
China,CHN,"Total reserves (includes gold, current US$)",FI.RES.TOTL.CD,3387512973773.81,3880368265252.93,3900039302991.09,3405253363888.14,3097658421378.4,3235681607213.04,3168216331199.09,3222894578036.36,3357240875433.72,3427931394628.85
France,FRA,Access to electricity (% of population),EG.ELC.ACCS.ZS,100,100,100,100,100,100,100,100,100,..
France,FRA,Bank capital to assets ratio (%),FB.BNK.CAPA.ZS,4.26650883747211,4.53258062385818,4.2366463637383,4.67838137015214,5.15137252858059,5.37401395271466,5.41296527913727,5.4018377559901,5.3043701499748,..
France,FRA,"Birth rate, crude (per 1,000 people)",SP.DYN.CBRT.IN,12.6,12.4,12.4,12,11.8,11.5,11.3,11.2,10.9,..
France,FRA,"Central government debt, total (% of GDP)",GC.DOD.TOTL.GD.ZS,90.2797486025496,90.9685436680429,97.5543838512582,97.9803332557022,102.262044850588,102.21526508744,101.622134416787,104.986431520716,123.420008163762,..
France,FRA,CO2 emissions (kt),EN.ATM.CO2E.KT,338420.013427734,338559.997558594,306100.006103516,311299.987792969,313920.013427734,317829.986572266,307049.987792969,300519.989013672,..,..
France,FRA,CO2 emissions (metric tons per capita),EN.ATM.CO2E.PC,5.1541421275993,5.12979914006762,4.61605285360078,4.67780722830743,4.70474677978042,4.74954259812627,4.57587416327621,4.46877008881409,..,..
France,FRA,Coverage of social insurance programs (% of population),per_si_allsi.cov_pop_tot,..,..,..,..,..,..,..,..,..,..
France,FRA,Coverage of unemployment benefits and ALMP (% of population),per_lm_alllm.cov_pop_tot,..,..,..,..,..,..,..,..,..,..
France,FRA,CPIA quality of public administration rating (1=low to 6=high),IQ.CPA.PADM.XQ,..,..,..,..,..,..,..,..,..,..
France,FRA,CPIA social protection rating (1=low to 6=high),IQ.CPA.PROT.XQ,..,..,..,..,..,..,..,..,..,..
France,FRA,Current health expenditure (% of GDP),SH.XPD.CHEX.GD.ZS,11.29740047,11.41635036,11.54441643,11.4475565,11.47163677,11.33276176,11.18583012,11.05747223,..,..
France,FRA,Current health expenditure per capita (current US$),SH.XPD.CHEX.PC.CD,4644.59570313,4893.47607422,4982.99121094,4201.55566406,4257.14990234,4402.07958984,4657.75292969,4491.73535156,..,..
France,FRA,Ease of doing business score (0 = lowest performance to 100 = best performance),IC.BUS.DFRN.XQ,..,..,..,76.14755,76.25038,76.01011,76.77957,76.80465,..,..
France,FRA,Exports of goods and services (current US$),NE.EXP.GNFS.CD,783713381111.719,825700281806.669,847269974207.056,746211770692.968,748010809661.091,803163777629.413,885114776507.45,862106200525.489,733165402569.652,879699770569.753
France,FRA,Fuel exports (% of merchandise exports),TX.VAL.FUEL.ZS.UN,4.44640256167696,3.91482105973503,3.879573777375,2.95528102932916,2.30761310498294,2.80075972124448,3.29246555293983,2.77533644087224,1.88243408376336,3.19290142518303
France,FRA,Fuel imports (% of merchandise imports),TM.VAL.FUEL.ZS.UN,17.439826971405,16.6073789214701,14.7105521133863,10.671575842349,8.39759658369512,9.81939201488458,11.2949556021461,10.3438415303634,6.89118080318055,10.0028012535902
France,FRA,GDP (current US$),NY.GDP.MKTP.CD,2683671716967.19,2811876903329.03,2855964488590.19,2439188643162.5,2472964344587.17,2595151045197.65,2790956878746.66,2728870246705.88,2630317731455.26,2937472757953.44
France,FRA,GDP growth (annual %),NY.GDP.MKTP.KD.ZG,0.313134751077172,0.576326674771792,0.956183052371557,1.1129123405747,1.09546440372048,2.29141999417021,1.86506607081999,1.84297181445896,-7.85525603703762,6.96357078755028
France,FRA,GDP per capita (current US$),NY.GDP.PCAP.CD,40872.3624615688,42605.0443782179,43068.5487241739,36652.9223052178,37062.5335723829,38781.0494870836,41592.795896432,40578.6442850534,39037.1226309074,43518.5385130851
France,FRA,Gini index,SI.POV.GINI,33.1,32.5,32.3,32.7,31.9,31.6,32.4,..,..,..
France,FRA,Imports of goods and services (current US$),NE.IMP.GNFS.CD,818493895248.047,854791379337.649,879982977519.997,760028534719.922,762973925940.469,830791260481.178,913320694019.607,888231377160.783,786301507754.088,940542297600.76
France,FRA,"Literacy rate, adult total (% of people ages 15 and above)",SE.ADT.LITR.ZS,..,..,..,..,..,..,..,..,..,..
France,FRA,"Population, total",SP.POP.TOTL,65659814,65998685,66312067,66548272,66724104,66918020,67101930,67248926,67379908,67499343
France,FRA,"Total reserves (includes gold, current US$)",FI.RES.TOTL.CD,184521825603.75,145161108178.662,143977104333.434,138198984338.294,145866068770.183,156322431109.247,166483400196.79,189006435295.489,224236417867.711,244280333397.895
Germany,DEU,Access to electricity (% of population),EG.ELC.ACCS.ZS,100,100,100,100,100,100,100,100,100,..
Germany,DEU,Bank capital to assets ratio (%),FB.BNK.CAPA.ZS,4.73,5.45,5.61,5.94,5.98,6.33,6.47,6.31,5.93,..
Germany,DEU,"Birth rate, crude (per 1,000 people)",SP.DYN.CBRT.IN,8.4,8.5,8.8,9,9.6,9.5,9.5,9.4,9.3,..
Germany,DEU,"Central government debt, total (% of GDP)",GC.DOD.TOTL.GD.ZS,..,..,..,..,..,..,..,..,..,..
Germany,DEU,CO2 emissions (kt),EN.ATM.CO2E.KT,760130.004882813,776150.024414063,736010.009765625,742309.997558594,747150.024414063,732200.012207031,707700.012207031,657400.024414063,..,..
Germany,DEU,CO2 emissions (metric tons per capita),EN.ATM.CO2E.PC,9.45131770529489,9.62420735034554,9.08850689674467,9.08729090938286,9.07300668592546,8.85829384674551,8.53619609072659,7.91162101567715,..,..
Germany,DEU,Coverage of social insurance programs (% of population),per_si_allsi.cov_pop_tot,..,..,..,..,..,..,..,..,..,..
Germany,DEU,Coverage of unemployment benefits and ALMP (% of population),per_lm_alllm.cov_pop_tot,..,..,..,..,..,..,..,..,..,..
Germany,DEU,CPIA quality of public administration rating (1=low to 6=high),IQ.CPA.PADM.XQ,..,..,..,..,..,..,..,..,..,..
Germany,DEU,CPIA social protection rating (1=low to 6=high),IQ.CPA.PROT.XQ,..,..,..,..,..,..,..,..,..,..
Germany,DEU,Current health expenditure (% of GDP),SH.XPD.CHEX.GD.ZS,10.85323715,10.99795437,11.02157784,11.18370342,11.23563671,11.32935143,11.45038891,11.69724941,..,..
Germany,DEU,Current health expenditure per capita (current US$),SH.XPD.CHEX.PC.CD,4765.58300781,5099.64111328,5307.08203125,4624.55664063,4744.22949219,5055.82128906,5481.98730469,5440.25146484,..,..
Germany,DEU,Ease of doing business score (0 = lowest performance to 100 = best performance),IC.BUS.DFRN.XQ,..,..,..,79.5005,79.5543,79.34962,79.34794,79.71004,..,..
Germany,DEU,Exports of goods and services (current US$),NE.EXP.GNFS.CD,1633318434049.22,1695844705677.65,1774175599429.01,1575404010475.78,1598674707103.9,1740716687374.12,1881299505616.47,1812902769090.19,1669993508933.86,2004251622872.06
Germany,DEU,Fuel exports (% of merchandise exports),TX.VAL.FUEL.ZS.UN,2.44298702719408,2.41594718104658,2.25199429341006,2.13441977383123,1.64382508639625,1.77185442483349,2.06424587714665,2.21695006112287,1.81843784726771,2.58681336881294
Germany,DEU,Fuel imports (% of merchandise imports),TM.VAL.FUEL.ZS.UN,14.2254473572262,14.0345099665508,12.1829311943824,9.25867351619041,7.16715440298352,7.69504892473925,8.84880812907979,8.48885147366485,6.22005932350923,8.65611348067837
Germany,DEU,GDP (current US$),NY.GDP.MKTP.CD,3527143188785.16,3733804649549.03,3889093051023.52,3357585719351.56,3469853463945.53,3690849152517.65,3977289455388.23,3888326788627.44,3846413928653.71,4223116205968.92
Germany,DEU,GDP growth (annual %),NY.GDP.MKTP.KD.ZG,0.418497594217598,0.437591303144671,2.20954343134872,1.49193152760772,2.22999986782015,2.68023111405891,1.08602451412267,1.05550824713283,-4.56961671737398,2.89260243321934
Germany,DEU,GDP per capita (current US$),NY.GDP.PCAP.CD,43855.8544658618,46298.9229177341,48023.8699845462,41103.2564363768,42136.1207907991,44652.5891722719,47973.6076235097,46794.8992915603,46252.6893044892,50801.7867105308
Germany,DEU,Gini index,SI.POV.GINI,31.1,31.5,30.9,31.6,31.6,31.2,31.7,..,..,..
Germany,DEU,Imports of goods and services (current US$),NE.IMP.GNFS.CD,1418156159958.98,1480834348190.98,1516778572468.23,1320386910617.19,1342707789871.99,1479076878497.65,1635992815794.51,1593258511843.13,1449776956932.3,1770614284759.66
Germany,DEU,"Literacy rate, adult total (% of people ages 15 and above)",SE.ADT.LITR.ZS,..,..,..,..,..,..,..,..,..,..
Germany,DEU,"Population, total",SP.POP.TOTL,80425823,80645605,80982500,81686611,82348669,82657002,82905782,83092962,83160871,83129285
Germany,DEU,"Total reserves (includes gold, current US$)",FI.RES.TOTL.CD,248856490285.757,198535165663.607,193484758847.919,173730930555.425,184031339953.397,199983070123.869,198027061675.403,224027961016.416,268408603348.679,295736219413.598
India,IND,Access to electricity (% of population),EG.ELC.ACCS.ZS,79.9000015258789,81.9993286132813,83.8724975585938,88,89.2177963256836,92.1249465942383,95.6999969482422,97.3082656860352,99,..
India,IND,Bank capital to assets ratio (%),FB.BNK.CAPA.ZS,6.12690108085791,6.07239638921747,6.31072146718646,6.67847337958985,6.70143866382393,7.04073187631062,6.89425620584035,8.02536160742248,7.81226700977292,..
India,IND,"Birth rate, crude (per 1,000 people)",SP.DYN.CBRT.IN,19.923,19.416,18.984,18.625,18.332,18.083,17.857,17.644,17.437,..
India,IND,"Central government debt, total (% of GDP)",GC.DOD.TOTL.GD.ZS,50.6780305618952,50.3118273627008,49.9009248748319,49.9647183856551,47.6337555915272,47.5836093800197,46.5224986659322,..,..,..
India,IND,CO2 emissions (kt),EN.ATM.CO2E.KT,1909439.94140625,1972430.05371094,2147110.10742188,2158020.01953125,2195250,2320409.91210938,2451929.93164063,2456300.04882813,..,..
India,IND,CO2 emissions (metric tons per capita),EN.ATM.CO2E.PC,1.50850825170152,1.53994783935657,1.65723127096964,1.64715191355484,1.6573963079756,1.7333608444622,1.8126964996263,1.79762011876852,..,..
India,IND,Coverage of social insurance programs (% of population),per_si_allsi.cov_pop_tot,..,..,..,..,..,..,..,..,..,..
India,IND,Coverage of unemployment benefits and ALMP (% of population),per_lm_alllm.cov_pop_tot,..,..,..,..,..,..,..,..,..,..
India,IND,CPIA quality of public administration rating (1=low to 6=high),IQ.CPA.PADM.XQ,3.5,3.5,..,..,..,..,..,..,..,..
India,IND,CPIA social protection rating (1=low to 6=high),IQ.CPA.PROT.XQ,3.5,3.5,..,..,..,..,..,..,..,..
India,IND,Current health expenditure (% of GDP),SH.XPD.CHEX.GD.ZS,3.32935309,3.74944162,3.61956549,3.59565997,3.50430417,2.93597651,2.95175385,3.0141468,..,..
India,IND,Current health expenditure per capita (current US$),SH.XPD.CHEX.PC.CD,48.94621658,56.11839676,57.07431793,58.91690063,60.60255051,57.55659103,60.26567459,63.74832153,..,..
India,IND,Ease of doing business score (0 = lowest performance to 100 = best performance),IC.BUS.DFRN.XQ,..,..,..,54.52099,55.94046,60.9076,67.49639,71.04511,..,..
India,IND,Exports of goods and services (current US$),NE.EXP.GNFS.CD,448400543291.471,472180427427.899,468346037554.217,416787832621.795,439642787829.497,498258560860.385,538635201541.984,529244936262.465,499095036175.143,660499390376.678
India,IND,Fuel exports (% of merchandise exports),TX.VAL.FUEL.ZS.UN,18.7788936146643,20.6668895706043,19.6340746160473,11.8719127202525,10.6421920620902,12.1859467424678,15.0674509533117,13.7763501701928,10.0306929080613,14.2846592727887
India,IND,Fuel imports (% of merchandise imports),TM.VAL.FUEL.ZS.UN,37.9725042283446,39.5180997115685,38.5148387122449,26.777350937984,25.0353799489221,27.722837394409,33.1909033705744,31.880343122832,28.3590915050748,29.8728403228095
India,IND,GDP (current US$),NY.GDP.MKTP.CD,1827637859135.7,1856722121394.53,2039127446298.55,2103587813812.75,2294797980509.01,2651472946374.91,2702929718960.46,2831552222519.99,2667687951796.56,3173397590816.91
India,IND,GDP growth (annual %),NY.GDP.MKTP.KD.ZG,5.45638875297365,6.38610640094825,7.41022760508854,7.99625378571471,8.25630550179086,6.79538341897911,6.45385134497769,3.73791851955785,-6.59608052232176,8.94796266921514
India,IND,GDP per capita (current US$),NY.GDP.PCAP.CD,1443.88243476138,1449.61045069641,1573.88564182956,1605.60544457087,1732.55424231659,1980.66701982802,1998.25907627675,2072.24489735041,1933.1010689481,2277.43434674354
India,IND,Gini index,SI.POV.GINI,..,..,..,34.7,34.8,35.9,34.6,35.7,..,..
India,IND,Imports of goods and services (current US$),NE.IMP.GNFS.CD,571306638044.004,527555481498.928,529239679343.382,465097474655.75,480169284856.572,582017723566.401,640300825053.023,602314911626.726,509433826379.252,725551019456.021
India,IND,"Literacy rate, adult total (% of people ages 15 and above)",SE.ADT.LITR.ZS,..,..,..,..,..,..,74.3729934692383,..,..,..
India,IND,"Population, total",SP.POP.TOTL,1265780243,1280842119,1295600768,1310152392,1324517250,1338676779,1352642283,1366417756,1380004385,1393409033
India,IND,"Total reserves (includes gold, current US$)",FI.RES.TOTL.CD,300425517446.546,298092478740.581,325081035127.891,353319061013.224,361694321972.036,412613792019.924,399167159226.682,463469902152.507,590227359928.896,638484779930.836
Indonesia,IDN,Access to electricity (% of population),EG.ELC.ACCS.ZS,96,96.4642562866211,97.0100021362305,97.5373687744141,97.620002746582,98.1399993896484,98.5100021362305,98.8499984741211,96.9499969482422,..
Indonesia,IDN,Bank capital to assets ratio (%),FB.BNK.CAPA.ZS,9.00423180425004,9.59759906195034,9.961614035339,10.7746096789164,12.4254380685723,14.6182982891751,12.8231121824865,13.4039163891179,12.5634216351375,13.1696920960953
Indonesia,IDN,"Birth rate, crude (per 1,000 people)",SP.DYN.CBRT.IN,20.225,19.893,19.537,19.165,18.79,18.422,18.072,17.746,17.448,..
Indonesia,IDN,"Central government debt, total (% of GDP)",GC.DOD.TOTL.GD.ZS,25.0344008432508,27.7819272178664,27.4216121994064,30.309126137804,31.366190714778,32.4290671189749,33.1394192425283,33.7291556226381,42.9166244020063,..
Indonesia,IDN,CO2 emissions (kt),EN.ATM.CO2E.KT,481510.009765625,447940.002441406,483910.003662109,488549.987792969,482510.009765625,517320.007324219,576989.990234375,619840.026855469,..,..
Indonesia,IDN,CO2 emissions (metric tons per capita),EN.ATM.CO2E.PC,1.93804261606191,1.77891401625228,1.89673363766561,1.89079584128382,1.84476478339789,1.95472553635055,2.15559758961146,2.2903971480842,..,..
Indonesia,IDN,Coverage of social insurance programs (% of population),per_si_allsi.cov_pop_tot,..,..,9.3006857639065,8.17875443870597,..,9.285938485,11.09690111,10.85829192,..,..
Indonesia,IDN,Coverage of unemployment benefits and ALMP (% of population),per_lm_alllm.cov_pop_tot,3.43333109222541,..,4.20992580772718,5.44319447151959,..,7.764673712,9.475784516,9.125167419,..,..
Indonesia,IDN,CPIA quality of public administration rating (1=low to 6=high),IQ.CPA.PADM.XQ,..,..,..,..,..,..,..,..,..,..
Indonesia,IDN,CPIA social protection rating (1=low to 6=high),IQ.CPA.PROT.XQ,..,..,..,..,..,..,..,..,..,..
Indonesia,IDN,Current health expenditure (% of GDP),SH.XPD.CHEX.GD.ZS,2.91427088,2.86934805,2.96433592,2.92428517,3.02147222,2.90417194,2.86757827,2.90493584,..,..
Indonesia,IDN,Current health expenditure per capita (current US$),SH.XPD.CHEX.PC.CD,107.66363525,103.98308563,103.5038681,97.4282608,107.64949036,111.44986725,111.6594696,120.12496185,..,..
Indonesia,IDN,Ease of doing business score (0 = lowest performance to 100 = best performance),IC.BUS.DFRN.XQ,..,..,..,62.11215,64.66011,66.86799,68.184,69.57879,..,..
Indonesia,IDN,Exports of goods and services (current US$),NE.EXP.GNFS.CD,225744402474.106,218308408827.835,210820082760.734,182158299305.401,177886012771.598,204924485587.546,218905647471.407,208057763085.712,182850626710.373,255731268263.145
Indonesia,IDN,Fuel exports (% of merchandise exports),TX.VAL.FUEL.ZS.UN,33.3477843794198,31.4408284894275,29.0428546208956,23.0427750818147,19.2890340293455,21.8451876585303,23.3100285618431,20.3380217373565,15.6268808662289,19.484217800964
Indonesia,IDN,Fuel imports (% of merchandise imports),TM.VAL.FUEL.ZS.UN,22.3110297633369,24.4088772176091,24.6787466593348,17.5540346601814,14.196669725848,16.241743460686,16.7375057190953,13.7156912647506,11.149188973912,14.7023331148296
Indonesia,IDN,GDP (current US$),NY.GDP.MKTP.CD,917869910105.749,912524136718.018,890814755233.225,860854235065.079,931877364177.742,1015618742565.81,1042271531011.99,1119099868265.25,1058688935454.78,1186092991320.04
Indonesia,IDN,GDP growth (annual %),NY.GDP.MKTP.KD.ZG,6.03005065305615,5.5572636889101,5.006668425755,4.87632230022123,5.03306918280177,5.06978590134916,5.17429153955024,5.01928768046282,-2.06500494092904,3.69124011191289
Indonesia,IDN,GDP per capita (current US$),NY.GDP.PCAP.CD,3694.35933980214,3623.92724054274,3491.63749125449,3331.69511469189,3562.81633352183,3837.57802362633,3893.85957814877,4135.23334351202,3870.55761979249,4291.81255449121
Indonesia,IDN,Gini index,SI.POV.GINI,40.5,40.8,40.2,40.4,39.3,38.8,38.4,37.6,37.6,37.9
Indonesia,IDN,Imports of goods and services (current US$),NE.IMP.GNFS.CD,229362101573.161,225519356299.674,217485215697.145,178863652800.161,170835000855.915,194777318889.991,230045611948.785,213034645747.568,166258355015.893,223720346705.59
Indonesia,IDN,"Literacy rate, adult total (% of people ages 15 and above)",SE.ADT.LITR.ZS,..,..,95.1162185668945,95.2179336547852,95.3769683837891,..,95.658561706543,..,95.9990081787109,..
Indonesia,IDN,"Population, total",SP.POP.TOTL,248451714,251805314,255128076,258383257,261556386,264650969,267670549,270625567,273523621,276361788
Indonesia,IDN,"Total reserves (includes gold, current US$)",FI.RES.TOTL.CD,112797627833.066,99386826239.0833,111862594561.997,105928847088.719,116369601851.059,130215330382.957,120660974090.95,129186464020.187,135915917616.263,144907809744.209
Italy,ITA,Access to electricity (% of population),EG.ELC.ACCS.ZS,100,100,100,100,100,100,100,100,100,..
Italy,ITA,Bank capital to assets ratio (%),FB.BNK.CAPA.ZS,5.38561894112228,5.40437637297026,5.88069247298708,6.18553029060669,5.49301015373371,6.63508479542177,6.33332010943286,6.71281171151418,6.60331222306056,..
Italy,ITA,"Birth rate, crude (per 1,000 people)",SP.DYN.CBRT.IN,9,8.5,8.3,8,7.8,7.6,7.3,7,6.8,..
Italy,ITA,"Central government debt, total (% of GDP)",GC.DOD.TOTL.GD.ZS,..,..,..,..,..,..,..,..,..,..
Italy,ITA,CO2 emissions (kt),EN.ATM.CO2E.KT,376750,346459.991455078,327500,337859.985351563,333339.996337891,329190.002441406,324880.004882813,317239.990234375,..,..
Italy,ITA,CO2 emissions (metric tons per capita),EN.ATM.CO2E.PC,6.32770894762567,5.75190574350328,5.38747546025491,5.56325946870661,5.49816514509457,5.43785758887894,5.37687092998968,5.31131544170879,..,..
Italy,ITA,Coverage of social insurance programs (% of population),per_si_allsi.cov_pop_tot,..,..,..,..,..,..,..,..,..,..
Italy,ITA,Coverage of unemployment benefits and ALMP (% of population),per_lm_alllm.cov_pop_tot,..,..,..,..,..,..,..,..,..,..
Italy,ITA,CPIA quality of public administration rating (1=low to 6=high),IQ.CPA.PADM.XQ,..,..,..,..,..,..,..,..,..,..
Italy,ITA,CPIA social protection rating (1=low to 6=high),IQ.CPA.PROT.XQ,..,..,..,..,..,..,..,..,..,..
Italy,ITA,Current health expenditure (% of GDP),SH.XPD.CHEX.GD.ZS,8.78352833,8.77543831,8.86791897,8.85689163,8.72533035,8.6777401,8.67509365,8.66856861,..,..
Italy,ITA,Current health expenditure per capita (current US$),SH.XPD.CHEX.PC.CD,3086.30322266,3149.24267578,3154.27587891,2675.67163086,2699.73291016,2809.72143555,3000.7109375,2905.5,..,..
Italy,ITA,Ease of doing business score (0 = lowest performance to 100 = best performance),IC.BUS.DFRN.XQ,..,..,..,71.68638,71.82565,73.19206,73.04291,72.85055,..,..
Italy,ITA,Exports of goods and services (current US$),NE.EXP.GNFS.CD,592262781313.008,613302332503.139,629335664494.076,545774938462.89,550505533785.41,602933211569.648,655895167113.49,635620162864.313,558924642565.138,687469342794.95
Italy,ITA,Fuel exports (% of merchandise exports),TX.VAL.FUEL.ZS.UN,4.69948477906981,4.27731648308039,3.73903759474597,3.2944073725625,2.66359462149532,3.27256233231097,3.47059417643658,3.04947553200783,2.14179213063523,3.11573584165934
Italy,ITA,Fuel imports (% of merchandise imports),TM.VAL.FUEL.ZS.UN,22.563225526535,20.1410014779619,16.5186900549205,12.8690110501946,10.362712078948,12.0552331586175,13.5552689849724,12.4165014198912,8.44258090204808,12.9454349353061
Italy,ITA,GDP (current US$),NY.GDP.MKTP.CD,2086957656821.6,2141924094298.56,2162009615996.54,1836637711060.55,1877071687633.78,1961796197354.36,2091932426266.98,2011285742552.15,1892574064222.11,2099880198258.88
Italy,ITA,GDP growth (annual %),NY.GDP.MKTP.KD.ZG,-2.98090576823772,-1.84106545088248,-0.00454754236383792,0.778304350716581,1.29346273155907,1.66785904106857,0.925810941012742,0.500233912506772,-9.0256689277568,6.64379018966193
Italy,ITA,GDP per capita (current US$),NY.GDP.PCAP.CD,35051.5212697703,35560.0814062288,35565.7213771496,30242.3861352184,30960.7315088902,32406.7203150134,34622.1696664741,33673.4754474483,31834.9726184046,35551.2849900071
Italy,ITA,Gini index,SI.POV.GINI,35.2,34.9,34.7,35.4,35.2,35.9,35.2,..,..,..
Italy,ITA,Imports of goods and services (current US$),NE.IMP.GNFS.CD,569227676736.094,561919570554.747,566733784835.488,490422560813.789,488784062761.869,546761283655.177,605614375522.274,568727083005.489,489611385450.429,636716300253.091
Italy,ITA,"Literacy rate, adult total (% of people ages 15 and above)",SE.ADT.LITR.ZS,..,..,..,..,..,..,99.15576171875,99.3490982055664,..,..
Italy,ITA,"Population, total",SP.POP.TOTL,59539717,60233948,60789140,60730582,60627498,60536709,60421760,59729081,59449527,59066225
Italy,ITA,"Total reserves (includes gold, current US$)",FI.RES.TOTL.CD,181670318701.146,145724509188.872,142756493254.503,130592432979.515,135133283786.776,151120440050.073,152361936421.553,175397954131.108,210687330553.17,227478327159.257
Japan,JPN,Access to electricity (% of population),EG.ELC.ACCS.ZS,100,100,100,100,100,100,100,100,100,..
Japan,JPN,Bank capital to assets ratio (%),FB.BNK.CAPA.ZS,..,..,..,..,..,..,..,..,..,..
Japan,JPN,"Birth rate, crude (per 1,000 people)",SP.DYN.CBRT.IN,8.2,8.2,8,8,7.8,7.6,7.4,7,6.8,..
Japan,JPN,"Central government debt, total (% of GDP)",GC.DOD.TOTL.GD.ZS,183.708906763918,186.564297348971,192.113216566341,194.585436599252,193.23712453014,193.493969150546,197.446313440847,197.801899116763,216.278885243928,..
Japan,JPN,CO2 emissions (kt),EN.ATM.CO2E.KT,1253609.98535156,1262780.02929688,1217119.99511719,1179439.94140625,1167790.0390625,1155229.98046875,1116150.02441406,1081569.94628906,..,..
Japan,JPN,CO2 emissions (metric tons per capita),EN.ATM.CO2E.PC,9.82229732546333,9.90843131779889,9.56283977432658,9.2766294225014,9.18969781125075,9.09830498431741,8.80168143468674,8.54098020491546,..,..
Japan,JPN,Coverage of social insurance programs (% of population),per_si_allsi.cov_pop_tot,..,..,..,..,..,..,..,..,..,..
Japan,JPN,Coverage of unemployment benefits and ALMP (% of population),per_lm_alllm.cov_pop_tot,..,..,..,..,..,..,..,..,..,..
Japan,JPN,CPIA quality of public administration rating (1=low to 6=high),IQ.CPA.PADM.XQ,..,..,..,..,..,..,..,..,..,..
Japan,JPN,CPIA social protection rating (1=low to 6=high),IQ.CPA.PROT.XQ,..,..,..,..,..,..,..,..,..,..
Japan,JPN,Current health expenditure (% of GDP),SH.XPD.CHEX.GD.ZS,10.67169189,10.67438602,10.7290144,10.74969959,10.65891647,10.65627003,10.74838829,10.74372482,..,..
Japan,JPN,Current health expenditure per capita (current US$),SH.XPD.CHEX.PC.CD,5212.18359375,4336.10693359,4099.28027344,3733.37646484,4174.42236328,4121.03662109,4256.09570313,4360.47363281,..,..
Japan,JPN,Ease of doing business score (0 = lowest performance to 100 = best performance),IC.BUS.DFRN.XQ,..,..,..,77.52941,77.9374,78.01404,78.04159,77.99983,..,..
Japan,JPN,Exports of goods and services (current US$),NE.EXP.GNFS.CD,904146988796.653,822722049495.078,852990577902.813,775051882733.212,803489014102.661,867405253150.188,923234601723.625,893782209080.495,784167900504.685,..
Japan,JPN,Fuel exports (% of merchandise exports),TX.VAL.FUEL.ZS.UN,1.68214490249087,2.33284299920258,2.29264163422113,1.82112089122004,1.45314833400369,1.62989701847048,1.81010139690813,1.98546863293334,1.18928797948461,1.35105888659274
Japan,JPN,Fuel imports (% of merchandise imports),TM.VAL.FUEL.ZS.UN,34.1443764088035,33.7967564059572,32.2714396479636,20.5069277411675,18.268471084979,21.0291135522673,23.3503040035389,21.5816785618091,16.6006557387446,20.0353003990571
Japan,JPN,GDP (current US$),NY.GDP.MKTP.CD,6272362996105.03,5212328181166.18,4896994405353.29,4444930651964.18,5003677627544.24,4930837369151.42,5037835383110.97,5123318151510.62,5040107754084.11,4937421880461.55
Japan,JPN,GDP growth (annual %),NY.GDP.MKTP.KD.ZG,1.37475099920874,2.0051001767726,0.296205514142628,1.56062669674904,0.753826745903538,1.67533175166503,0.584068067242868,-0.240350840922716,-4.50690454226634,1.62079552541303
Japan,JPN,GDP per capita (current US$),NY.GDP.PCAP.CD,49145.2804308193,40898.6478964744,38475.3952461838,34960.6393843385,39375.4731620781,38834.0529341227,39727.1165995928,40458.0018755824,39918.1675583443,39285.1631062756
Japan,JPN,Gini index,SI.POV.GINI,..,32.9,..,..,..,..,..,..,..,..
Japan,JPN,Imports of goods and services (current US$),NE.IMP.GNFS.CD,1007099152148.38,948362884511.706,980024678767.845,799671850411.581,763174802438.923,829947425329.105,922228472388.616,908591904960.75,796344955871.704,..
Japan,JPN,"Literacy rate, adult total (% of people ages 15 and above)",SE.ADT.LITR.ZS,..,..,..,..,..,..,..,..,..,..
Japan,JPN,"Population, total",SP.POP.TOTL,127629000,127445000,127276000,127141000,127076000,126972000,126811000,126633000,126261000,125681593
Japan,JPN,"Total reserves (includes gold, current US$)",FI.RES.TOTL.CD,1268085524238.3,1266851401020.24,1260680310062.82,1233097790281.8,1216518779919.68,1264140980383.63,1270467038786.78,1322443255598.64,1390808939303.37,1405748991418.92
"Korea, Rep.",KOR,Access to electricity (% of population),EG.ELC.ACCS.ZS,100,100,100,100,100,100,100,100,100,..
"Korea, Rep.",KOR,Bank capital to assets ratio (%),FB.BNK.CAPA.ZS,7.1447879320428,7.39197255767049,7.39431527974375,7.25376726491187,7.78634812340406,7.92958400669791,7.88168234892052,7.73411060383636,7.51046430039511,..
"Korea, Rep.",KOR,"Birth rate, crude (per 1,000 people)",SP.DYN.CBRT.IN,9.6,8.6,8.6,8.6,7.9,7,6.4,5.9,5.3,..
"Korea, Rep.",KOR,"Central government debt, total (% of GDP)",GC.DOD.TOTL.GD.ZS,32.4090205799357,34.9298593014974,36.5002640215506,37.4929571097141,38.0655141568922,37.3486351375477,37.5556431793942,39.969480137044,46.6135086460939,..
"Korea, Rep.",KOR,CO2 emissions (kt),EN.ATM.CO2E.KT,600320.007324219,599599.975585938,588090.026855469,607830.017089844,615880.004882813,626630.004882813,630640.014648438,610789.978027344,..,..
"Korea, Rep.",KOR,CO2 emissions (metric tons per capita),EN.ATM.CO2E.PC,11.9586009011664,11.8900086818471,11.5887437408533,11.9147436748262,12.0247251699338,12.2002860229015,12.2252458192145,11.7993253802233,..,..
"Korea, Rep.",KOR,Coverage of social insurance programs (% of population),per_si_allsi.cov_pop_tot,..,..,..,..,..,..,..,..,..,..
"Korea, Rep.",KOR,Coverage of unemployment benefits and ALMP (% of population),per_lm_alllm.cov_pop_tot,..,..,..,..,..,..,..,..,..,..
"Korea, Rep.",KOR,CPIA quality of public administration rating (1=low to 6=high),IQ.CPA.PADM.XQ,..,..,..,..,..,..,..,..,..,..
"Korea, Rep.",KOR,CPIA social protection rating (1=low to 6=high),IQ.CPA.PROT.XQ,..,..,..,..,..,..,..,..,..,..
"Korea, Rep.",KOR,Current health expenditure (% of GDP),SH.XPD.CHEX.GD.ZS,6.13262033,6.24789429,6.47438097,6.65271664,6.91432714,7.10694933,7.54388428,8.1641655,..,..
"Korea, Rep.",KOR,Current health expenditure per capita (current US$),SH.XPD.CHEX.PC.CD,1565.65600586,1700.95288086,1899.13891602,1919.03735352,2033.85119629,2257.51757813,2543.59643555,2624.53320313,..,..
"Korea, Rep.",KOR,Ease of doing business score (0 = lowest performance to 100 = best performance),IC.BUS.DFRN.XQ,..,..,..,83.08952,83.96555,83.96525,83.96046,84.00083,..,..
"Korea, Rep.",KOR,Exports of goods and services (current US$),NE.EXP.GNFS.CD,691553300804.601,703109248740.173,709970494628.1,630129491251.218,602034550194.781,664731199232.572,719489868241.708,648610576582.722,596945196581.99,750398681490.401
"Korea, Rep.",KOR,Fuel exports (% of merchandise exports),TX.VAL.FUEL.ZS.UN,10.4940639270131,9.66955779780818,9.19087254809735,6.28827621295043,5.5492872250197,6.34576276711752,7.93460902634461,7.7796164250441,4.95386848947391,..
"Korea, Rep.",KOR,Fuel imports (% of merchandise imports),TM.VAL.FUEL.ZS.UN,35.8349824301769,34.9962644168907,33.4346210508632,23.6893542054415,20.1280517743827,22.9801440618897,27.4584823272781,25.3030607433492,18.5140206790626,..
"Korea, Rep.",KOR,GDP (current US$),NY.GDP.MKTP.CD,1278427634342.59,1370795199976.18,1484318219633.63,1465773245547.15,1500111596236.37,1623901496835.79,1724845615629.26,1651422932447.77,1637895802792.9,1798533915091.14
"Korea, Rep.",KOR,GDP growth (annual %),NY.GDP.MKTP.KD.ZG,2.40253099246186,3.16470863647184,3.2024537945736,2.80910326824133,2.94688171508626,3.15963574012777,2.90740377377135,2.24397786011012,-0.852031428863825,4.02115847345807
"Korea, Rep.",KOR,GDP per capita (current US$),NY.GDP.PCAP.CD,25466.7605170594,27182.7343101936,29249.5752209742,28732.2310762599,29288.8704389833,31616.8434004683,33436.9230646064,31902.4169048194,31597.5046490718,34757.7200705078
"Korea, Rep.",KOR,Gini index,SI.POV.GINI,31.6,..,31.2,..,31.4,..,..,..,..,..
"Korea, Rep.",KOR,Imports of goods and services (current US$),NE.IMP.GNFS.CD,656655103709.745,639613504243.355,635036176085.567,529773440038.191,502104730870.38,587636539402.982,642946115402.09,602460189255.229,536732912196.558,684201251042.105
"Korea, Rep.",KOR,"Literacy rate, adult total (% of people ages 15 and above)",SE.ADT.LITR.ZS,..,..,..,..,..,..,..,..,..,..
"Korea, Rep.",KOR,"Population, total",SP.POP.TOTL,50199853,50428893,50746659,51014947,51217803,51361911,51585058,51764822,51836239,51744876
"Korea, Rep.",KOR,"Total reserves (includes gold, current US$)",FI.RES.TOTL.CD,327724415843.319,345694098075.172,362834692845.466,366707257929.029,370154204332.626,388804901513.924,403082233385.987,408819161841.749,443462937570.176,463281305723.059
Mexico,MEX,Access to electricity (% of population),EG.ELC.ACCS.ZS,99.1116333007813,99.1476974487305,99.1729278564453,99,99.5,100,99.5,99.5999984741211,99.4000015258789,..
Mexico,MEX,Bank capital to assets ratio (%),FB.BNK.CAPA.ZS,9.37299842567994,8.88163155150784,9.25412896916963,8.6754339095559,8.39412635716319,9.08349506276239,9.13933147126224,9.8533861116762,9.74139485595411,..
Mexico,MEX,"Birth rate, crude (per 1,000 people)",SP.DYN.CBRT.IN,19.488,19.198,18.892,18.573,18.245,17.918,17.602,17.297,17.005,..
Mexico,MEX,"Central government debt, total (% of GDP)",GC.DOD.TOTL.GD.ZS,..,..,..,..,..,..,..,..,..,..
Mexico,MEX,CO2 emissions (kt),EN.ATM.CO2E.KT,486450.012207031,475739.990234375,462239.990234375,471630.004882813,473309.997558594,471579.986572266,452570.007324219,449269.989013672,..,..
Mexico,MEX,CO2 emissions (metric tons per capita),EN.ATM.CO2E.PC,4.14797282537707,4.00363013171093,3.84063365932087,3.87031654411988,3.8376472078868,3.77937243640135,3.58639514036944,3.52160004771504,..,..
Mexico,MEX,Coverage of social insurance programs (% of population),per_si_allsi.cov_pop_tot,46.9576339223196,..,41.8890606838191,..,13.6015261978231,..,13.8570441490864,..,..,..
Mexico,MEX,Coverage of unemployment benefits and ALMP (% of population),per_lm_alllm.cov_pop_tot,..,..,..,..,..,..,..,..,..,..
Mexico,MEX,CPIA quality of public administration rating (1=low to 6=high),IQ.CPA.PADM.XQ,..,..,..,..,..,..,..,..,..,..
Mexico,MEX,CPIA social protection rating (1=low to 6=high),IQ.CPA.PROT.XQ,..,..,..,..,..,..,..,..,..,..
Mexico,MEX,Current health expenditure (% of GDP),SH.XPD.CHEX.GD.ZS,5.66522121,5.80923605,5.55341005,5.72277403,5.55345869,5.45759058,5.37870932,5.43305254,..,..
Mexico,MEX,Current health expenditure per capita (current US$),SH.XPD.CHEX.PC.CD,580.21838379,623.05157471,606.92980957,550.34002686,485.62417603,506.89233398,521.00830078,540.37231445,..,..
Mexico,MEX,Ease of doing business score (0 = lowest performance to 100 = best performance),IC.BUS.DFRN.XQ,..,..,..,71.64492,72.37307,72.53669,72.3064,72.35556,..,..
Mexico,MEX,Exports of goods and services (current US$),NE.EXP.GNFS.CD,387538503663.769,398972729094.895,419247687492.947,404585953950.897,399496352302.013,436348935038.174,479887532672.012,492646676997.031,430531761272.666,522771878465.303
Mexico,MEX,Fuel exports (% of merchandise exports),TX.VAL.FUEL.ZS.UN,14.0567486758082,12.8121829522689,10.4122287602677,5.89078579129835,4.82276713809655,5.50774529480471,6.56789954446644,5.32160515060597,3.84267437174223,5.53896826997747
Mexico,MEX,Fuel imports (% of merchandise imports),TM.VAL.FUEL.ZS.UN,8.99059081818562,8.62961231397265,7.49269955522183,6.33580155276939,6.19935425514006,8.21179922119986,9.82852205264263,8.82656007691408,6.48086342779823,8.3557059031494
Mexico,MEX,GDP (current US$),NY.GDP.MKTP.CD,1201089987015.45,1274443084716.57,1315351183524.54,1171867608197.72,1078490651625.31,1158913035796.37,1222408203104.3,1269404276770.7,1087117783073.31,1293037866360.17
Mexico,MEX,GDP growth (annual %),NY.GDP.MKTP.KD.ZG,3.64232267941347,1.35409196151679,2.84977325490688,3.29315152833387,2.63053242455089,2.11312913549695,2.19499472522698,-0.18590678837252,-8.16735801037942,4.79719174934905
Mexico,MEX,GDP per capita (current US$),NY.GDP.PCAP.CD,10241.727828043,10725.1835873796,10928.9160089988,9616.64555810607,8744.51555912786,9287.84958732302,9686.98492655586,9950.2176218348,8431.66501744762,9926.42276755436
Mexico,MEX,Gini index,SI.POV.GINI,48.7,..,48.7,..,47.7,..,46.7,..,45.4,..
Mexico,MEX,Imports of goods and services (current US$),NE.IMP.GNFS.CD,402385300656.821,413674331349.828,434748776076.735,428484066051.248,420827462668.974,457355480675.244,504876988510.884,495879822359.268,408274967606.211,542228827124.563
Mexico,MEX,"Literacy rate, adult total (% of people ages 15 and above)",SE.ADT.LITR.ZS,94.228401184082,93.9628524780273,94.5558776855469,94.472282409668,94.859619140625,94.9727783203125,95.3799133300781,..,95.2478485107422,..
Mexico,MEX,"Population, total",SP.POP.TOTL,117274156,118827158,120355137,121858251,123333379,124777326,126190782,127575529,128932753,130262220
Mexico,MEX,"Total reserves (includes gold, current US$)",FI.RES.TOTL.CD,167075785316.037,180200033349.658,195681624545.922,177596632552.624,177973637254.61,175469669183.544,176390278595.584,183056094117.556,199069188921.046,207799490381.042
Russian Federation,RUS,Access to electricity (% of population),EG.ELC.ACCS.ZS,100,100,100,95.5,100,100,100,100,100,..
Russian Federation,RUS,Bank capital to assets ratio (%),FB.BNK.CAPA.ZS,9.96417964467918,10.3640922518723,7.72430988424408,7.63338125563409,8.77133393961641,8.38444622632971,8.59723826196754,9.16300485073114,8.38565467349706,..
Russian Federation,RUS,"Birth rate, crude (per 1,000 people)",SP.DYN.CBRT.IN,13.3,13.2,13.3,13.3,12.9,11.5,10.9,10.1,9.8,..
Russian Federation,RUS,"Central government debt, total (% of GDP)",GC.DOD.TOTL.GD.ZS,8.55140859340356,9.06725564048848,11.2004612827286,13.5407657768558,14.2417395793548,16.3253741158845,16.1685789853238,17.2760484379376,23.0654650362064,..
Russian Federation,RUS,CO2 emissions (kt),EN.ATM.CO2E.KT,1675760.00976563,1632680.05371094,1611959.9609375,1592560.05859375,1571520.01953125,1594550.04882813,1661000,1703589.96582031,..,..
Russian Federation,RUS,CO2 emissions (metric tons per capita),EN.ATM.CO2E.PC,11.7020940674702,11.3770067703734,11.2082025675772,11.0520100720699,10.8874457691821,11.0351974713293,11.4965712497165,11.7972029330523,..,..
Russian Federation,RUS,Coverage of social insurance programs (% of population),per_si_allsi.cov_pop_tot,..,..,54.6716977428188,54.0497572504595,56.3411995255727,56.38057804,..,..,..,..
Russian Federation,RUS,Coverage of unemployment benefits and ALMP (% of population),per_lm_alllm.cov_pop_tot,..,..,3.25940098031613,2.80834090535912,2.85533964293633,2.554875111,..,..,..,..
Russian Federation,RUS,CPIA quality of public administration rating (1=low to 6=high),IQ.CPA.PADM.XQ,..,..,..,..,..,..,..,..,..,..
Russian Federation,RUS,CPIA social protection rating (1=low to 6=high),IQ.CPA.PROT.XQ,..,..,..,..,..,..,..,..,..,..
Russian Federation,RUS,Current health expenditure (% of GDP),SH.XPD.CHEX.GD.ZS,4.93637609,5.08104849,5.18209696,5.29604387,5.28970242,5.35889769,5.35520792,5.64849138,..,..
Russian Federation,RUS,Current health expenditure per capita (current US$),SH.XPD.CHEX.PC.CD,757.04455566,807.07653809,737.64923096,498.05596924,464.89776611,579.67218018,609.00915527,653.41723633,..,..
Russian Federation,RUS,Ease of doing business score (0 = lowest performance to 100 = best performance),IC.BUS.DFRN.XQ,..,..,..,74.09598,75.25999,76.54336,77.40044,78.16284,..,..
Russian Federation,RUS,Exports of goods and services (current US$),NE.EXP.GNFS.CD,594193217854.85,592497432241.002,558283087794.633,391365279621.646,330106672194.393,410722488464.729,510345774006.233,481410368301.623,379986658326.965,547741272403.648
Russian Federation,RUS,Fuel exports (% of merchandise exports),TX.VAL.FUEL.ZS.UN,70.2890584289155,70.5594810320243,69.5250946236846,62.8369478990481,48.291548108568,49.1248783758441,52.6808355618333,51.9517105308961,42.0988979076771,..
Russian Federation,RUS,Fuel imports (% of merchandise imports),TM.VAL.FUEL.ZS.UN,1.28171276735379,1.15622946918742,1.40919082020685,1.64125301701504,0.723419772522805,0.780258165321524,0.871778243539222,0.790085982738039,0.73276459285682,..
Russian Federation,RUS,GDP (current US$),NY.GDP.MKTP.CD,2208295773643.15,2292473246621.08,2059241965490.83,1363481063446.77,1276786979221.81,1574199387070.9,1657329646183.62,1693113904262.89,1488321875489.74,1775799919352.98
Russian Federation,RUS,GDP growth (annual %),NY.GDP.MKTP.KD.ZG,4.02408615720979,1.75542214909368,0.736267221415574,-1.97271922637542,0.193690071729534,1.82579006355112,2.80724541049418,2.19807574069797,-2.68329621644421,4.81979165963526
Russian Federation,RUS,GDP per capita (current US$),NY.GDP.PCAP.CD,15420.875,15974.64453125,14095.6484375,9313.013671875,8704.8984375,10720.3330078125,11287.3603515625,11536.2509765625,10161.982421875,12172.78515625
Russian Federation,RUS,Gini index,SI.POV.GINI,40.7,40.9,39.9,37.7,36.8,37.2,37.5,37.7,36,..
Russian Federation,RUS,Imports of goods and services (current US$),NE.IMP.GNFS.CD,447048943248.659,468623084388.968,426062191556.665,281640101283.77,263830624896.542,327207470330.529,344519779600.786,352088504843.391,304075035122.44,378028166719.39
Russian Federation,RUS,"Literacy rate, adult total (% of people ages 15 and above)",SE.ADT.LITR.ZS,..,..,..,..,..,..,99.7300567626953,..,..,..
Russian Federation,RUS,"Population, total",SP.POP.TOTL,143201721,143506995,143819667,144096870,144342397,144496739,144477859,144406261,144073139,143446060
Russian Federation,RUS,"Total reserves (includes gold, current US$)",FI.RES.TOTL.CD,537816372807.129,509692074388.888,386216337149.112,368042950258.841,377052204307.946,432730507964.11,468645216082.719,555179461638.925,596769862769.564,632241824796.464
Saudi Arabia,SAU,Access to electricity (% of population),EG.ELC.ACCS.ZS,100,100,100,100,99.9000015258789,99.9300003051758,100,100,100,..
Saudi Arabia,SAU,Bank capital to assets ratio (%),FB.BNK.CAPA.ZS,12.6534987593052,13.5433105997172,13.677327493038,13.9025544488238,14.7981889370371,15.416381791662,15.1918107914897,14.4257972483889,14.4349036142209,..
Saudi Arabia,SAU,"Birth rate, crude (per 1,000 people)",SP.DYN.CBRT.IN,21.078,20.528,19.969,19.41,18.858,18.319,17.798,17.297,16.814,..
Saudi Arabia,SAU,"Central government debt, total (% of GDP)",GC.DOD.TOTL.GD.ZS,..,..,..,..,..,..,..,..,..,..
Saudi Arabia,SAU,CO2 emissions (kt),EN.ATM.CO2E.KT,492470.001220703,503209.991455078,540520.01953125,565190.002441406,561229.98046875,545070.007324219,521260.009765625,523780.029296875,..,..
Saudi Arabia,SAU,CO2 emissions (metric tons per capita),EN.ATM.CO2E.PC,16.891496793737,16.744610018225,17.4831633194387,17.8194014732166,17.2987182793377,16.466783296664,15.4663907693256,15.2845787251876,..,..
Saudi Arabia,SAU,Coverage of social insurance programs (% of population),per_si_allsi.cov_pop_tot,..,..,..,..,..,..,..,..,..,..
Saudi Arabia,SAU,Coverage of unemployment benefits and ALMP (% of population),per_lm_alllm.cov_pop_tot,..,..,..,..,..,..,..,..,..,..
Saudi Arabia,SAU,CPIA quality of public administration rating (1=low to 6=high),IQ.CPA.PADM.XQ,..,..,..,..,..,..,..,..,..,..
Saudi Arabia,SAU,CPIA social protection rating (1=low to 6=high),IQ.CPA.PROT.XQ,..,..,..,..,..,..,..,..,..,..
Saudi Arabia,SAU,Current health expenditure (% of GDP),SH.XPD.CHEX.GD.ZS,4.01962376,4.46568298,5.22795486,5.9983449,5.83562946,6.26256323,5.74845695,5.68828773,..,..
Saudi Arabia,SAU,Current health expenditure per capita (current US$),SH.XPD.CHEX.PC.CD,1014.699646,1109.5057373,1278.9765625,1237.33349609,1160.05163574,1302.76855469,1341.51977539,1316.26025391,..,..
Saudi Arabia,SAU,Ease of doing business score (0 = lowest performance to 100 = best performance),IC.BUS.DFRN.XQ,..,..,..,59.16318,59.44422,62.08336,63.84761,70.87175,..,..
Saudi Arabia,SAU,Exports of goods and services (current US$),NE.EXP.GNFS.CD,399419733333.333,387643939066.667,354541430160,218010394722.267,200860075477.285,239993341453.867,314916582179.44,285859922577.6,184162133333.333,289815259051.184
Saudi Arabia,SAU,Fuel exports (% of merchandise exports),TX.VAL.FUEL.ZS.UN,88.6274591343223,87.5705430575713,85.1657914409074,78.4307733758804,77.5498175972453,79.8468152028451,81.0169837485904,79.6215196442977,67.6226198966955,..
Saudi Arabia,SAU,Fuel imports (% of merchandise imports),TM.VAL.FUEL.ZS.UN,0.430899533228143,1.34421828098583,1.52108461319454,0.699385840163556,1.24627700192479,2.251505422122,2.93934758694646,2.69523025777532,3.07752583394908,..
Saudi Arabia,SAU,GDP (current US$),NY.GDP.MKTP.CD,735974843348.664,746647127407.619,756350347320.381,654269739552.019,644935682011.475,688586094412.68,816578674529.141,803616264791.024,703367841222.555,833541236569.315
Saudi Arabia,SAU,GDP growth (annual %),NY.GDP.MKTP.KD.ZG,5.41142278010331,2.69928107085529,3.65248566592824,4.10639386440421,1.67066425675586,-0.741528418233386,2.51416579969228,0.33378075529167,-4.13767037552623,3.2409297684805
Saudi Arabia,SAU,GDP per capita (current US$),NY.GDP.PCAP.CD,25243.6019978478,24845.124663596,24464.2125566118,20627.9217793895,19878.7681693177,20802.4617855102,24228.8390391665,23450.5620241541,20203.6688777651,23585.8856300817
Saudi Arabia,SAU,Gini index,SI.POV.GINI,..,..,..,..,..,..,..,..,..,..
Saudi Arabia,SAU,Imports of goods and services (current US$),NE.IMP.GNFS.CD,215206018933.333,229900800000,255383052343.417,247307252133.333,198110220198.136,201975700072.876,209589393636.078,218940847166.779,182127845459.217,202945018593.049
Saudi Arabia,SAU,"Literacy rate, adult total (% of people ages 15 and above)",SE.ADT.LITR.ZS,..,94.4263381958008,..,..,..,95.3286285400391,..,..,97.5850677490234,..
Saudi Arabia,SAU,"Population, total",SP.POP.TOTL,29154906,30052058,30916603,31717676,32443443,33101183,33702757,34268529,34813867,35340680
Saudi Arabia,SAU,"Total reserves (includes gold, current US$)",FI.RES.TOTL.CD,673739616018.36,737796355078.29,744440513643.462,626989686477.742,547266635919.121,509457096430.156,509468527336.473,514962537825.302,472850970844.846,473889603512.936
South Africa,ZAF,Access to electricity (% of population),EG.ELC.ACCS.ZS,85.3000030517578,85.1999969482422,85.9000015258789,85.3000030517578,83.9000015258789,84.4000015258789,84.6999969482422,85,84.3855361938477,..
South Africa,ZAF,Bank capital to assets ratio (%),FB.BNK.CAPA.ZS,7.4369887255935,7.55530675097008,7.16761401120425,7.12183209283378,7.64707124159309,8.19395489709604,7.91208376467566,8.00795910510949,7.61014587740305,..
South Africa,ZAF,"Birth rate, crude (per 1,000 people)",SP.DYN.CBRT.IN,22.815,22.483,22.113,21.719,21.314,20.908,20.51,20.129,19.773,..
South Africa,ZAF,"Central government debt, total (% of GDP)",GC.DOD.TOTL.GD.ZS,..,..,..,..,..,..,..,..,..,..
South Africa,ZAF,CO2 emissions (kt),EN.ATM.CO2E.KT,426779.998779297,436920.013427734,447929.992675781,424809.997558594,425140.014648438,435649.993896484,434350.006103516,439640.014648438,..,..
South Africa,ZAF,CO2 emissions (metric tons per capita),EN.ATM.CO2E.PC,8.07795796874992,8.13826431249083,8.21224115619332,7.66993766207339,7.56373949475165,7.64167508636345,7.51567860518136,7.5077360921292,..,..
South Africa,ZAF,Coverage of social insurance programs (% of population),per_si_allsi.cov_pop_tot,..,..,3.3527477311896,..,..,..,..,..,..,..
South Africa,ZAF,Coverage of unemployment benefits and ALMP (% of population),per_lm_alllm.cov_pop_tot,..,..,..,..,..,..,..,..,..,..
South Africa,ZAF,CPIA quality of public administration rating (1=low to 6=high),IQ.CPA.PADM.XQ,..,..,..,..,..,..,..,..,..,..
South Africa,ZAF,CPIA social protection rating (1=low to 6=high),IQ.CPA.PROT.XQ,..,..,..,..,..,..,..,..,..,..
South Africa,ZAF,Current health expenditure (% of GDP),SH.XPD.CHEX.GD.ZS,8.77310753,8.85552406,8.55091476,8.79018974,8.82142925,8.72262383,8.85829735,9.10935497,..,..
South Africa,ZAF,Current health expenditure per capita (current US$),SH.XPD.CHEX.PC.CD,658.12298584,604.76989746,549.69616699,503.75946045,465.08810425,534.3883667,564.5032959,546.68841553,..,..
South Africa,ZAF,Ease of doing business score (0 = lowest performance to 100 = best performance),IC.BUS.DFRN.XQ,..,..,..,66.24035,65.40686,65.32778,66.69548,67.01897,..,..
South Africa,ZAF,Exports of goods and services (current US$),NE.EXP.GNFS.CD,117892612029.379,113768565563.408,110550033012.43,96085897668.3633,91109021408.9525,104288394992.827,111285382034.019,106069771441.821,93179145293.4851,130635822952.364
South Africa,ZAF,Fuel exports (% of merchandise exports),TX.VAL.FUEL.ZS.UN,11.4220013827,10.7041857425181,10.1834786043196,9.75395058182496,9.83410485960525,12.0071561154403,10.9922042428029,10.050875262098,8.10609432073402,..
South Africa,ZAF,Fuel imports (% of merchandise imports),TM.VAL.FUEL.ZS.UN,22.0094794482117,21.5973583841552,23.3510201267482,15.6930177455451,13.4909050922564,14.7325930310396,18.5563603959241,16.8908744466706,13.9601687481702,..
South Africa,ZAF,GDP (current US$),NY.GDP.MKTP.CD,434400545085.811,400886013595.573,381198869776.106,346709790458.563,323585509674.481,381448814653.456,404842116738.074,387934574098.17,335442101366.417,419946428126.008
South Africa,ZAF,GDP growth (annual %),NY.GDP.MKTP.KD.ZG,2.39623238465745,2.48546800826588,1.41382645223793,1.32186223678229,0.664552307858116,1.15794695181735,1.48761737271568,0.113053696742199,-6.43197482605483,4.91460266078032
South Africa,ZAF,GDP per capita (current US$),NY.GDP.PCAP.CD,8222.19727925886,7467.07918510394,6988.80873854682,6259.83968110571,5756.96574098804,6690.93984735096,7005.09541266022,6624.76186493309,5655.86765390396,6994.21165355675
South Africa,ZAF,Gini index,SI.POV.GINI,..,..,63,..,..,..,..,..,..,..
South Africa,ZAF,Imports of goods and services (current US$),NE.IMP.GNFS.CD,123558580031.425,122253185705.996,116261670807.052,100591042327.088,89649913398.7817,99923782384.0035,109384273094.099,103997755723.817,78321821095.9287,104833290974.413
South Africa,ZAF,"Literacy rate, adult total (% of people ages 15 and above)",SE.ADT.LITR.ZS,93.7294692993164,..,94.1399002075195,94.367919921875,..,87.0466690063477,..,95.0229721069336,..,..
South Africa,ZAF,"Population, total",SP.POP.TOTL,52832659,53687125,54544184,55386369,56207649,57009751,57792520,58558267,59308690,60041996
South Africa,ZAF,"Total reserves (includes gold, current US$)",FI.RES.TOTL.CD,50688078405.0297,49708174893.5691,49121568380.4854,45887065756.7249,47180127300.8564,50722891363.2361,51642041966.6735,55055893656.867,55008491995.5568,57597149617.2517
Turkiye,TUR,Access to electricity (% of population),EG.ELC.ACCS.ZS,100,100,100,100,100,100,100,100,100,..
Turkiye,TUR,Bank capital to assets ratio (%),FB.BNK.CAPA.ZS,12.1032143546041,10.9455943072528,11.5920383219933,11.0013146061286,10.7279929300049,10.7199157851098,10.7939209819866,11.7487038778921,10.5450686565039,..
Turkiye,TUR,"Birth rate, crude (per 1,000 people)",SP.DYN.CBRT.IN,17.402,17.166,16.94,16.718,16.494,16.264,16.027,15.782,15.531,..
Turkiye,TUR,"Central government debt, total (% of GDP)",GC.DOD.TOTL.GD.ZS,37.9602291228126,32.1216452754771,31.3464166832739,29.0600638875872,30.0735504838055,29.855754409873,29.4517851085721,34.1697334386076,42.0779740298362,..
Turkiye,TUR,CO2 emissions (kt),EN.ATM.CO2E.KT,328880.004882813,318170.013427734,340640.014648438,351589.996337891,374589.996337891,415899.993896484,411730.010986328,396839.996337891,..,..
Turkiye,TUR,CO2 emissions (metric tons per capita),EN.ATM.CO2E.PC,4.40556459025119,4.19055793104291,4.41076356068815,4.47717591290146,4.69247151054931,5.12719662619959,5.00035901085763,4.75658474979861,..,..
Turkiye,TUR,Coverage of social insurance programs (% of population),per_si_allsi.cov_pop_tot,35.4201415930258,36.52973739,37.10573065,36.5347534385449,36.0602768561565,..,37.82277845,37.17264798,..,..
Turkiye,TUR,Coverage of unemployment benefits and ALMP (% of population),per_lm_alllm.cov_pop_tot,0.840863243694171,0.8275949218,1.278749834,1.47963546563522,1.33637949819189,..,1.449037421,1.826805966,..,..
Turkiye,TUR,CPIA quality of public administration rating (1=low to 6=high),IQ.CPA.PADM.XQ,..,..,..,..,..,..,..,..,..,..
Turkiye,TUR,CPIA social protection rating (1=low to 6=high),IQ.CPA.PROT.XQ,..,..,..,..,..,..,..,..,..,..
Turkiye,TUR,Current health expenditure (% of GDP),SH.XPD.CHEX.GD.ZS,4.44444656,4.37099981,4.32517862,4.11690378,4.28469229,4.17974997,4.12414074,4.34409809,..,..
Turkiye,TUR,Current health expenditure per capita (current US$),SH.XPD.CHEX.PC.CD,524.25030518,551.40124512,525.84472656,453.1164856,466.7947998,442.61761475,389.86557007,396.46682739,..,..
Turkiye,TUR,Ease of doing business score (0 = lowest performance to 100 = best performance),IC.BUS.DFRN.XQ,..,..,..,69.14468,69.37882,70.9145,75.25248,76.79104,..,..
Turkiye,TUR,Exports of goods and services (current US$),NE.EXP.GNFS.CD,214511242594.655,227885405189.621,236668096321.682,212027919485.294,200755653918.744,223677664866.643,242516402120.785,248067310973.245,206374012981.455,288570559148.63
Turkiye,TUR,Fuel exports (% of merchandise exports),TX.VAL.FUEL.ZS.UN,4.90475359189769,6.11133521147795,4.36813821626103,3.26418101924191,2.13742856858285,2.75372472293348,3.12270042185464,4.49416367984142,2.69239035084596,3.68967426784564
Turkiye,TUR,Fuel imports (% of merchandise imports),TM.VAL.FUEL.ZS.UN,8.72782586895003,8.44237457252967,8.55109113501099,7.12764638362474,6.02324480176486,7.10345010319205,8.95585881800513,7.20190468630014,4.96430454961941,6.41433436508032
Turkiye,TUR,GDP (current US$),NY.GDP.MKTP.CD,880556375779.51,957783020853.031,938952628604.067,864316670330.882,869692960365.551,858996263095.858,778471901665.148,761004425605.414,719954821683.31,815271751724.423
Turkiye,TUR,GDP growth (annual %),NY.GDP.MKTP.KD.ZG,4.78849271108008,8.48581699653026,4.9397151613658,6.08448690443663,3.32308420845746,7.50199748917491,2.97988523467896,0.889585160591679,1.79355139618684,10.9861809949254
Turkiye,TUR,GDP per capita (current US$),NY.GDP.PCAP.CD,11795.6334567571,12614.7816100386,12157.9904337823,11006.2795239649,10894.6033779275,10589.667724687,9454.34844272271,9121.51516673708,8536.43331960632,9586.61245005597
Turkiye,TUR,Gini index,SI.POV.GINI,40.2,40.2,41.2,42.9,41.9,41.4,41.9,41.9,..,..
Turkiye,TUR,Imports of goods and services (current US$),NE.IMP.GNFS.CD,250693758574.61,275212144027.734,268172001782.043,229538879485.294,219551179629.814,255317280913.352,244451787134.454,228411872290.176,233810710699.001,292006667158.424
Turkiye,TUR,"Literacy rate, adult total (% of people ages 15 and above)",SE.ADT.LITR.ZS,94.9197463989258,95.2566604614258,95.4396286010742,95.6014175415039,96.1673278808594,96.1505279541016,..,96.7422103881836,..,..
Turkiye,TUR,"Population, total",SP.POP.TOTL,74651046,75925454,77229262,78529413,79827868,81116451,82340090,83429607,84339067,85042736
Turkiye,TUR,"Total reserves (includes gold, current US$)",FI.RES.TOTL.CD,119182965975.41,131053847400.859,127421921235.759,110489628113.015,104810530764.478,107657025384.516,92997230040.5605,105619672447.934,93511562720.3207,109534857096.539
United Kingdom,GBR,Access to electricity (% of population),EG.ELC.ACCS.ZS,100,100,100,100,100,100,100,100,100,..
United Kingdom,GBR,Bank capital to assets ratio (%),FB.BNK.CAPA.ZS,4.68267915880647,5.20138277526487,4.41712395678537,5.44791072080939,5.68544354048946,5.64421551163064,5.69430819582503,6.0119620172488,5.9057295834323,..
United Kingdom,GBR,"Birth rate, crude (per 1,000 people)",SP.DYN.CBRT.IN,12.8,12.1,12,11.9,11.8,11.4,11,10.7,10.2,..
United Kingdom,GBR,"Central government debt, total (% of GDP)",GC.DOD.TOTL.GD.ZS,144.974859921399,139.555030100577,148.49453298809,145.613968908833,153.825029578933,159.196773896678,155.535876893643,157.742819858971,190.772518916415,..
United Kingdom,GBR,CO2 emissions (kt),EN.ATM.CO2E.KT,467779.998779297,453760.009765625,415600.006103516,401079.986572266,380809.997558594,367000,360730.010986328,348920.013427734,..,..
United Kingdom,GBR,CO2 emissions (metric tons per capita),EN.ATM.CO2E.PC,7.34346028155944,7.07581833313404,6.4332077800625,6.15944833302231,5.80400475200463,5.55565151375079,5.42774817696291,5.22051448799294,..,..
United Kingdom,GBR,Coverage of social insurance programs (% of population),per_si_allsi.cov_pop_tot,..,..,..,..,..,..,..,..,..,..
United Kingdom,GBR,Coverage of unemployment benefits and ALMP (% of population),per_lm_alllm.cov_pop_tot,..,..,..,..,..,..,..,..,..,..
United Kingdom,GBR,CPIA quality of public administration rating (1=low to 6=high),IQ.CPA.PADM.XQ,..,..,..,..,..,..,..,..,..,..
United Kingdom,GBR,CPIA social protection rating (1=low to 6=high),IQ.CPA.PROT.XQ,..,..,..,..,..,..,..,..,..,..
United Kingdom,GBR,Current health expenditure (% of GDP),SH.XPD.CHEX.GD.ZS,9.91419888,9.97566223,9.95041275,9.90072441,9.87313271,9.80787468,9.90384102,10.15402699,..,..
United Kingdom,GBR,Current health expenditure per capita (current US$),SH.XPD.CHEX.PC.CD,4222.08496094,4344.66845703,4740.11035156,4477.28564453,4067.17578125,3966.05834961,4270.22119141,4312.88916016,..,..
United Kingdom,GBR,Ease of doing business score (0 = lowest performance to 100 = best performance),IC.BUS.DFRN.XQ,..,..,..,83.33719,83.34108,83.21535,83.55123,83.54968,..,..
United Kingdom,GBR,Exports of goods and services (current US$),NE.EXP.GNFS.CD,814031200006.45,834648903942.007,867797087183.393,803737886722.33,768410096877.106,810938086343.375,884926960159.758,892532215804.312,781919655113.867,860134991473.265
United Kingdom,GBR,Fuel exports (% of merchandise exports),TX.VAL.FUEL.ZS.UN,13.8690044776246,11.4223263327095,10.8953001970876,7.02213106641059,6.25609635660007,7.96909103032825,9.45873392804059,8.59897730540144,7.06424366401815,7.77269388448537
United Kingdom,GBR,Fuel imports (% of merchandise imports),TM.VAL.FUEL.ZS.UN,13.9464530473134,13.5309059206058,11.8123169326215,8.08502272933232,6.28115269131933,8.11774178211437,10.0872725216388,8.19155386700326,5.30993604082167,10.2695027676116
United Kingdom,GBR,GDP (current US$),NY.GDP.MKTP.CD,2719158341005.79,2803291406029.93,3087165602962.86,2956573778737.76,2722851958486.23,2699016715111.39,2900791442554.06,2878673912414.44,2756900214107.32,3186859739185.02
United Kingdom,GBR,GDP growth (annual %),NY.GDP.MKTP.KD.ZG,1.46988752075868,1.8900183424514,2.99116481375781,2.62259667901294,2.26346353784494,2.13445309331686,1.65092549602133,1.67194419724758,-9.27041083453351,7.44127309273938
United Kingdom,GBR,GDP per capita (current US$),NY.GDP.PCAP.CD,42686.8000524926,43713.8141242308,47787.2412984884,45404.5677734722,41499.5557033073,40857.7555829627,43646.9519711493,43070.4983595888,41098.0786527828,47334.3553149875
United Kingdom,GBR,Gini index,SI.POV.GINI,32.3,33.2,34,33.2,34.8,35.1,..,..,..,..
United Kingdom,GBR,Imports of goods and services (current US$),NE.IMP.GNFS.CD,847526343926.61,871285521579.809,922260451377.139,849467329463.063,813002944791.767,845037071423.017,922678685360.227,918938660538.756,773770932742.87,900168554104.287
United Kingdom,GBR,"Literacy rate, adult total (% of people ages 15 and above)",SE.ADT.LITR.ZS,..,..,..,..,..,..,..,..,..,..
United Kingdom,GBR,"Population, total",SP.POP.TOTL,63700215,64128273,64602298,65116219,65611593,66058859,66460344,66836327,67081000,67326569
United Kingdom,GBR,"Total reserves (includes gold, current US$)",FI.RES.TOTL.CD,117156976864.591,118750193779.676,124487425221.296,148109299505.898,134931850848.279,150857673778.943,172657749536.315,173569199262.767,180054101389.553,194181397315.029
United States,USA,Access to electricity (% of population),EG.ELC.ACCS.ZS,100,100,100,100,100,100,100,100,100,..
United States,USA,Bank capital to assets ratio (%),FB.BNK.CAPA.ZS,8.81749440666282,9.15674693821449,9.20762481916189,9.36657980126358,9.33607346320903,9.3840092644288,9.444992705143,9.39999126589181,8.61199151921774,..
United States,USA,"Birth rate, crude (per 1,000 people)",SP.DYN.CBRT.IN,12.6,12.4,12.5,12.4,12.2,11.8,11.6,11.4,10.9,..
United States,USA,"Central government debt, total (% of GDP)",GC.DOD.TOTL.GD.ZS,93.6492617595668,95.5346882113219,95.7666986884038,96.4252279492666,98.5041017174837,97.7634725177003,99.178088646151,100.955077184095,161.631918482036,..
United States,USA,CO2 emissions (kt),EN.ATM.CO2E.KT,4956060.05859375,5092100.09765625,5107209.9609375,4990709.9609375,4894500,4819370.1171875,4975310.05859375,4817720.21484375,..,..
United States,USA,CO2 emissions (metric tons per capita),EN.ATM.CO2E.PC,15.7897826401987,16.1111844319086,16.0409210313094,15.5600349639355,15.1498852011993,14.8232608676439,15.2225476514566,14.6734106066885,..,..
United States,USA,Coverage of social insurance programs (% of population),per_si_allsi.cov_pop_tot,..,..,..,..,..,..,..,..,..,..
United States,USA,Coverage of unemployment benefits and ALMP (% of population),per_lm_alllm.cov_pop_tot,..,..,..,..,..,..,..,..,..,..
United States,USA,CPIA quality of public administration rating (1=low to 6=high),IQ.CPA.PADM.XQ,..,..,..,..,..,..,..,..,..,..
United States,USA,CPIA social protection rating (1=low to 6=high),IQ.CPA.PROT.XQ,..,..,..,..,..,..,..,..,..,..
United States,USA,Current health expenditure (% of GDP),SH.XPD.CHEX.GD.ZS,16.17543411,16.06451797,16.25333214,16.52407265,16.84432411,16.80583572,16.68710518,16.76706314,..,..
United States,USA,Current health expenditure per capita (current US$),SH.XPD.CHEX.PC.CD,8342.58007813,8522.12597656,8939.39648438,9392.06640625,9775,10103.09179688,10515.32324219,10921.01269531,..,..
United States,USA,Ease of doing business score (0 = lowest performance to 100 = best performance),IC.BUS.DFRN.XQ,..,..,..,83.59247,83.58991,83.59008,83.57395,83.99668,..,..
United States,USA,Exports of goods and services (current US$),NE.EXP.GNFS.CD,2217700000000,2286981000000,2377408000000,2268651000000,2232110000000,2383758000000,2533511000000,2519727000000,2123410000000,..
United States,USA,Fuel exports (% of merchandise exports),TX.VAL.FUEL.ZS.UN,10.0636570136531,10.7639934435291,10.9856792186563,8.0034184342575,7.57865354567164,10.510450824598,13.5299938279588,14.1993655796366,12.7159907896534,15.9220948098952
United States,USA,Fuel imports (% of merchandise imports),TM.VAL.FUEL.ZS.UN,18.6356281206333,16.7596239692781,14.8499413396301,8.66499174677285,7.25649021798253,8.47860299060236,9.24830831010608,8.17781897202692,5.40205322460483,7.62835925904237
United States,USA,GDP (current US$),NY.GDP.MKTP.CD,16253972230000,16843190993000,17550680174000,18206020741000,18695110842000,19479620056000,20527156026000,21372572437000,20893743833000,22996100000000
United States,USA,GDP growth (annual %),NY.GDP.MKTP.KD.ZG,2.28068760319185,1.84187539518688,2.28777593255359,2.70636958176399,1.66747207596187,2.25568048065699,2.91885689667409,2.28886986777364,-3.40458965156256,5.67110719074167
United States,USA,GDP per capita (current US$),NY.GDP.PCAP.CD,51784.4185738837,53291.1276891406,55123.8497869046,56762.7294515989,57866.7449341091,59914.777796976,62805.2537579917,65094.7994287929,63027.6795267153,69287.5365879523
United States,USA,Gini index,SI.POV.GINI,40.9,40.7,41.5,41.2,41.1,41.2,41.4,41.5,..,..
United States,USA,Imports of goods and services (current US$),NE.IMP.GNFS.CD,2769317000000,2766375000000,2887445000000,2794850000000,2738359000000,2923691000000,3129697000000,3115990000000,2774597000000,..
United States,USA,"Literacy rate, adult total (% of people ages 15 and above)",SE.ADT.LITR.ZS,..,..,..,..,..,..,..,..,..,..
United States,USA,"Population, total",SP.POP.TOTL,313877662,316059947,318386329,320738994,323071755,325122128,326838199,328329953,331501080,331893745
United States,USA,"Total reserves (includes gold, current US$)",FI.RES.TOTL.CD,574268084132.447,448508920737.711,434416188744.625,383728497570.133,405942428719.749,451285263406.24,449907088828.546,516700583371.247,628369715338.322,716152260973.711
Spain,ESP,Access to electricity (% of population),EG.ELC.ACCS.ZS,100,100,100,100,100,100,100,100,100,..
Spain,ESP,Bank capital to assets ratio (%),FB.BNK.CAPA.ZS,4.53505751255773,5.33995094763897,5.61507541855652,6.00001242462912,6.15140677490154,6.05560632654632,6.04633140039262,6.09899130680541,5.91090648276954,..
Spain,ESP,"Birth rate, crude (per 1,000 people)",SP.DYN.CBRT.IN,9.7,9.1,9.2,9,8.8,8.4,7.9,7.6,7.1,..
Spain,ESP,"Central government debt, total (% of GDP)",GC.DOD.TOTL.GD.ZS,74.1120102679602,87.5333967088844,100.691205278128,100.979179625851,102.785304638005,103.63285340951,104.794373761616,109.094510163397,140.718678026527,..
Spain,ESP,CO2 emissions (kt),EN.ATM.CO2E.KT,269269.989013672,242809.997558594,240960.006713867,256279.998779297,247029.998779297,263450.012207031,257040.008544922,239979.995727539,..,..
Spain,ESP,CO2 emissions (metric tons per capita),EN.ATM.CO2E.PC,5.75694679369718,5.20827462861938,5.18406700444856,5.51794435986542,5.31429458078119,5.65425445459575,5.49257147137707,5.09135092007508,..,..
Spain,ESP,Coverage of social insurance programs (% of population),per_si_allsi.cov_pop_tot,..,..,..,..,..,..,..,..,..,..
Spain,ESP,Coverage of unemployment benefits and ALMP (% of population),per_lm_alllm.cov_pop_tot,..,..,..,..,..,..,..,..,..,..
Spain,ESP,CPIA quality of public administration rating (1=low to 6=high),IQ.CPA.PADM.XQ,..,..,..,..,..,..,..,..,..,..
Spain,ESP,CPIA social protection rating (1=low to 6=high),IQ.CPA.PROT.XQ,..,..,..,..,..,..,..,..,..,..
Spain,ESP,Current health expenditure (% of GDP),SH.XPD.CHEX.GD.ZS,9.15699196,9.06737709,9.08936405,9.12617207,8.9523859,8.9569416,8.99036121,9.13213158,..,..
Spain,ESP,Current health expenditure per capita (current US$),SH.XPD.CHEX.PC.CD,2591.01611328,2629.60546875,2679.62939453,2349.05444336,2376.72119141,2526.72045898,2740.26928711,2711.19287109,..,..
Spain,ESP,Ease of doing business score (0 = lowest performance to 100 = best performance),IC.BUS.DFRN.XQ,..,..,..,75.92621,77.63075,77.62772,77.69995,77.93588,..,..
Spain,ESP,Exports of goods and services (current US$),NE.EXP.GNFS.CD,416701933892.578,446689924483.531,459120571553.332,402038652995.312,417712027692.608,461350495658.824,499658310234.509,486934469105.882,392402615425.682,497711315364.333
Spain,ESP,Fuel exports (% of merchandise exports),TX.VAL.FUEL.ZS.UN,7.66160598985677,7.07385916029595,7.49300278485712,5.17263082839127,4.06976370711053,5.82886249970551,6.55643130447885,6.17053086130782,4.04918305116398,6.00550281136412
Spain,ESP,Fuel imports (% of merchandise imports),TM.VAL.FUEL.ZS.UN,24.083210740469,22.6897916304442,20.4432329551376,13.9864950930159,11.1817633007757,13.4741522964184,14.505192759232,13.3076394150248,9.40667870051251,12.986291365859
Spain,ESP,GDP (current US$),NY.GDP.MKTP.CD,1324744314781.64,1355142585077.65,1371222712535.68,1195599995808.59,1232912963206.23,1312539279462.36,1420994142512.16,1393046093137.25,1281484640043.58,1425276586282.92
Spain,ESP,GDP growth (annual %),NY.GDP.MKTP.KD.ZG,-2.95944130173555,-1.43539425919327,1.38390794267029,3.83517266033846,3.03130132981933,2.97364119053731,2.28878567617447,2.08519142117105,-10.8228864939664,5.1294551274826
Spain,ESP,GDP per capita (current US$),NY.GDP.PCAP.CD,28322.8092495057,29067.809460022,29500.7894328615,25742.3688346767,26523.3482221547,28170.1678643302,30364.5799435622,29554.4905170087,27056.4217512166,30115.7058866792
Spain,ESP,Gini index,SI.POV.GINI,35.4,36.2,36.1,36.2,35.8,34.7,34.7,34.3,..,..
Spain,ESP,Imports of goods and services (current US$),NE.IMP.GNFS.CD,389343643913.672,393448328527.452,416619174461.567,365687682159.765,368548925935.799,414015724683.53,461049364445.49,446118428478.431,373524398136.966,476181893499.992
Spain,ESP,"Literacy rate, adult total (% of people ages 15 and above)",SE.ADT.LITR.ZS,97.8945388793945,98.0791320800781,98.0937194824219,98.1432571411133,98.2505111694336,..,98.4365005493164,..,98.5944595336914,..
Spain,ESP,"Population, total",SP.POP.TOTL,46773055,46620045,46480882,46444832,46484062,46593236,46797754,47134837,47363419,47326687
Spain,ESP,"Total reserves (includes gold, current US$)",FI.RES.TOTL.CD,50588475476.9985,46335465037.6453,50411846511.5441,53973842235.8777,63039926528.9472,69400198866.0331,70633189427.7056,74731427284.1399,81287702460.7527,92201269194.64
,,,,,,,,,,,,,
,,,,,,,,,,,,,
,,,,,,,,,,,,,
Data from database: World Development Indicators,,,,,,,,,,,,,
Last Updated: 09/16/2022,,,,,,,,,,,,,
